	HitNo	pdb	pdb_release_date	pdb_method	prob	Eval	Query_interval	Template_interval	Target_coverage	Template_score	Alignment	Truncated_pdb	Target_difficulty	Target_Neff	Target_classification	Target_title	Target_PDB_code	Template_DipDiff	Template_ChiDiff	Template_BBscore	Template_SCscore	Template_CaBLAMdiff	Template_DipCaBLAM_corr	Template_GDT_TS	Template_GDT_HA	Template_GDC_SC
0	1	3AS5_A	20110720	x-ray	99.3	5.9e-16	[55, 189]	[51, 177]	69.43005181347151	84.36502590673575	"CTAGAKDRDKALTYYTEALSKVPPTSVAKVHLQMGHLYELQGRNDLAEKSYQAMLTNGGMTTPIEMAEANLSLAEMAFRQSDFAKAAGLYDKVLATEGASSQGLAAYRRAWCSFRQGNMDASIAQLQDILK-NPKL
AYVKTGAVDRGTELLERSLADAPD--NVKVATVLGLTYVQVQKYDLAVPLLIKVAEANPI-----NFNVRFRLGVALDNLGRFDEAIDSFKIALGLRPN--EGKVHRAIAFSYEQMGRHEEALPHFKKANELDEGA"	/tmp/jpereira/CASP14/templates/structures/3AS5_A_89-215_truncated_to_T1086-D1.pdb	85.9195	9.21	TBM-easy	Bd2374_n   		-0.02779	-34.800000000000004	0.04487809676071053	0.3290851373220976	-0.01678	0.45454919524494386	79.7	60.26	51.19
1	2	5AIO_A	20150624	x-ray	99.3	5.9e-16	[2, 189]	[24, 179]	96.89119170984456	98.09559585492228	"STQDLLIQKLTQVQLGLAPADPARAAVLLRLADLHAERSRQLSMKELADGCTVCTAGAKDRDKALTYYTEALSKVPPTSVAKVHLQMGHLYELQGRNDLAEKSYQAMLTNGGMTTPIEMAEANLSLAEMAFRQSDFAKAAGLYDKVLATEGASSQGLAAYRRAWCSFRQGNMDASIAQLQDILK-NPKL
NDLQVAERLFNEV-IKKD---ARNFAAYETLGD--------------------IYQLQGRLNDCCNSWFLAAHLNAS--DWEFWKIVAILSADLDHVRQAIYCFSRVISLNPM-----EWESIYRRSMLYKKTGQLARALDGFQRLYMYNPY--DANILRELAILYVDYDRIEDSIELYMKVFNANVER"	/tmp/jpereira/CASP14/templates/structures/5AIO_A_142-297_truncated_to_T1086-D1.pdb	85.9195	9.21	TBM-easy	Bd2374_n   		-0.06075	-94.80000000000001	0.05621883110085601	0.404798580982653	-0.07416	0.4054277142290731	77.81	58.18	48.82
2	3	3AS8_A	20110720	x-ray	99.3	7e-16	[3, 189]	[23, 177]	96.37305699481865	97.83652849740932	"TQDLLIQKLTQVQLGLAPADPARAAVLLRLADLHAERSRQLSMKELADGCTVCTAGAKDRDKALTYYTEALSKVPPTSVAKVHLQMGHLYELQGRNDLAEKSYQAMLTNGGMTTPIEMAEANLSLAEMAFRQSDFAKAAGLYDKVLATEGASSQGLAAYRRAWCSFRQGNMDASIAQLQDILK-NPKL
RYSEAVVMLEQV-YDAD---AFDVEVALHLGI--------------------AYVKTGAVDRGTELLERSIADAPD--NIKVATVLGLTYVQVQKYDLAVPLLVKVAEANPV-----NFNVRFRLGVALDNLGRFDEAIDSFKIALGLRPN--EGKVHRAIAYSYEQMGSHEEALPHFKKANELDERS"	/tmp/jpereira/CASP14/templates/structures/3AS8_A_61-215_truncated_to_T1086-D1.pdb	85.9195	9.21	TBM-easy	Bd2374_n   		-0.01429	-50.800000000000004	0.05679503555476549	0.4287793358825282	-0.00894	0.5833598796816449	69.92	48.63	40.65
3	4	3ASH_B	20110720	x-ray	99.3	8.1e-16	[55, 189]	[51, 177]	69.43005181347151	84.36502590673575	"CTAGAKDRDKALTYYTEALSKVPPTSVAKVHLQMGHLYELQGRNDLAEKSYQAMLTNGGMTTPIEMAEANLSLAEMAFRQSDFAKAAGLYDKVLATEGASSQGLAAYRRAWCSFRQGNMDASIAQLQDILK-NPKL
AYVKTGAVDRGTELLERSLADAPD--NVKVATVLGLTYVQVQKYDLAVPLLIKVAEANPI-----NFNVRFRLGVALKNLGRFDEAIDSFKIALGLRPN--EGKVHRAIAFSYEQMGRHEEALPHFKKANELDEGA"	/tmp/jpereira/CASP14/templates/structures/3ASH_B_89-212_truncated_to_T1086-D1.pdb	85.9195	9.21	TBM-easy	Bd2374_n   		-0.04426	-62.7	0.04249470607568868	0.3712146425658362	-0.03163	0.4947401443946397	74.35	53.91	45.77
4	5	4EQF_A	20120530	x-ray	99.3	8.1e-16	[2, 188]	[79, 313]	96.37305699481865	97.83652849740932	"STQDLLIQKLTQVQLGLAPADPARAAVLLRLADLHAERSRQLSMKELA-------D-------GCTVCTAGAKDRDKALTYYTEALSKVPPTS--------------------------------------------VAKVHLQMGHLYELQGRNDLAEKSYQAMLTNGGMTTPIEMAEANLSLAEMAFRQSDFAKAAGLYDKVLATEGASSQGLAAYRRAWCSFRQGNMDASIAQLQDILK-NPK
GDLPVTILFMEAA-ILQDP---GDAEAWQFLGITQAENENEQAAIVALQRCLELQPNNLKALMALAVSYTNTSHQQDACEALKNWIKQNPKYKYLVKNKKGSPGLTRRMSKSPVDSSVLEGVKELYLEAAHQNGDMIDPDLQTGLGVLFHLSGEFNRAIDAFNAALTVRPE-----DYSLWNRLGATLANGDRSEEAVEAYTRALEIQPG--FIRSRYNLGISCINLGAYREAVSNFLTALSLQRK"	/tmp/jpereira/CASP14/templates/structures/4EQF_A_33-267_truncated_to_T1086-D1.pdb	85.9195	9.21	TBM-easy	Bd2374_n   		-0.18416	-94.9	0.05562846752593205	0.34497716515137133	-0.07509	0.3389389425678369	74.79	54.41	45.9
5	6	5AEM_A	20150624	x-ray	99.3	1e-15	[2, 189]	[23, 178]	96.89119170984456	98.09559585492228	"STQDLLIQKLTQVQLGLAPADPARAAVLLRLADLHAERSRQLSMKELADGCTVCTAGAKDRDKALTYYTEALSKVPPTSVAKVHLQMGHLYELQGRNDLAEKSYQAMLTNGGMTTPIEMAEANLSLAEMAFRQSDFAKAAGLYDKVLATEGASSQGLAAYRRAWCSFRQGNMDASIAQLQDILK-NPKL
NDLQVAERLFNEV-IKKD---ARNFAAYETLGD--------------------IYQLQGRLNDCCNSWFLAAHLNAS--DWEFWKIVAILSADLDHVRQAIYCFSRVISLNPM-----EWESIYRRSMLYKKTGQLARALDGFQRLYMYNPY--DANILRELAILYVDYDRIEDSIELYMKVFNANVER"	/tmp/jpereira/CASP14/templates/structures/5AEM_A_142-297_truncated_to_T1086-D1.pdb	85.9195	9.21	TBM-easy	Bd2374_n   		-0.13629	-94.9	0.052436670132616416	0.4294454665508153	-0.10083	0.32627020824439035	78.5	59.34	49.87
6	7	4R7S_A	20141001	x-ray	99.3	1.2e-15	[2, 188]	[18, 209]	96.37305699481865	97.83652849740932	"STQDLLIQKLTQVQLGLAPADPARAAVLLRLADLHAERSRQLSMKELAD--------------GCTVCTAGAKDRDKALTYYTEALSKVPPTSVAKVHLQMGHLYELQGRNDLAEKSYQAMLTNGGMTTPIEMAEANLSLAEMAFRQSDFAKAAGLYDKVLATEGASSQGLAAYRRAWCSFRQGNMDASIAQLQDILK-NPK
GDLVSAEESLKAA-MRKEPANPLNYALLTNLGTIQRRQGKLQEALISYTSALSGHTKNITILENRASLYTELGETEKALNDYNTLLIENPE--HQEALYCRGLLYIQLQNYMWAEQDFDKILEVNEK-----SVRARLGHAILEKMRGNYDESERIFNYLISEMPR--DWILYEGRADLYFMMGKNARAMADIEKVFTESEP"	/tmp/jpereira/CASP14/templates/structures/4R7S_A_36-227_truncated_to_T1086-D1.pdb	85.9195	9.21	TBM-easy	Bd2374_n   		-0.02595	-72.5	0.05264747178674065	0.34858954363143374	-0.01986	0.4604012788007754	77.17	56.52	48.21
7	8	3Q5M_A	20111228	x-ray	99.3	1.3e-15	[2, 188]	[25, 223]	96.37305699481865	97.83652849740932	"STQDLLIQKLTQVQLGLAPADPARAAVLLRLADLHAERSRQLSMKELADGCTVCTAGAKDRDKALTYYTEALSKVPPTS-VAKVHLQMGHLYELQGRN------------------DLAEKSYQAMLTNGGMTTP------------IEMAEANLSLAEMAFRQSDFAKAAGLYDKVLATEGAS-SQGLAAYRRAWCSFRQGNMDASIAQLQDILK-NPK
GNWRQAITQLEAL-DNRYPFGPYSQQVQLDLIY--------------------AYYKNADLPLAQAAIDRFIRLNPTHPNIDYVMYMRGLTNMALDDSALQGFFGVDRSDRDPQHARAAFSDFSKLVRGYPNSQYTTDATKRLVFLKDRLAKYEYSVAEYYTERGAWVAVVNRVEGMLRDYPDTQATRDALPLMENAYRQMQMNAQAEKVAKIIAANSSN"	/tmp/jpereira/CASP14/templates/structures/3Q5M_A_24-221_truncated_to_T1086-D1.pdb	85.9195	9.21	TBM-easy	Bd2374_n   		-0.00697	-20.60000000000001	0.05732667114371908	0.431499486710081	0.00362	0.39546635281651926	73.88	53.12	45.65
8	9	3VTX_B	20121031	x-ray	99.3	1.3e-15	[2, 188]	[19, 173]	96.37305699481865	97.83652849740932	"STQDLLIQKLTQVQLGLAPADPARAAVLLRLADLHAERSRQLSMKELADGCTVCTAGAKDRDKALTYYTEALSKVPPTSVAKVHLQMGHLYELQGRNDLAEKSYQAMLTNGGMTTPIEMAEANLSLAEMAFRQSDFAKAAGLYDKVLATEGASSQGLAAYRRAWCSFRQGNMDASIAQLQDILK-NPK
GDFDGAIRAYKKV-LKAD---PNNVETLLKLGK--------------------TYMDIGLPNDAIESLKKFVVLDTT--SAEAYYILGSANFMIDEKQAAIDALQRAIALNTV-----YADAYYKLGLVYDSMGEHDKAIEAYEKTISIKPG--FIRAYQSIGLAYEGKGLRDEAVKYFKKALEKEEK"	/tmp/jpereira/CASP14/templates/structures/3VTX_B_58-212_truncated_to_T1086-D1.pdb	85.9195	9.21	TBM-easy	Bd2374_n   		-0.00428	-11.700000000000003	0.04514729808775056	0.41997296675879536	-0.02207	0.3324788056773204	75.17	54.42	46.77
10	11	3TGO_A	20110928	x-ray	99.3	1.7e-15	[2, 188]	[30, 228]	96.37305699481865	97.83652849740932	"STQDLLIQKLTQVQLGLAPADPARAAVLLRLADLHAERSRQLSMKELADGCTVCTAGAKDRDKALTYYTEALSKVPPTS-VAKVHLQMGHLYELQGRN------------------DLAEKSYQAMLTNGGMTTP------------IEMAEANLSLAEMAFRQSDFAKAAGLYDKVLATEGAS-SQGLAAYRRAWCSFRQGNMDASIAQLQDILK-NPK
GNWRQAITQLEAL-DNRYPFGPYSQQVQLDLIY--------------------AYYKNADLPLAQAAIDRFIRLNPTHPNIDYVMYMRGLTNMALDDSALQGFFGVDRSDRDPQHARAAFSDFSKLVRGYPNSQYTTDATKRLVFLKDRLAKYEYSVAEYYTERGAWVAVVNRVEGMLRDYPDTQATRDALPLMENAYRQMQMNAQAEKVAKIIAANSSN"	/tmp/jpereira/CASP14/templates/structures/3TGO_A_46-241_truncated_to_T1086-D1.pdb	85.9195	9.21	TBM-easy	Bd2374_n   		-0.04803	-83.0	0.07462636989677378	0.39177555645163537	-0.00712	0.3870838510430389	73.84	52.78	45.44
