Target_name,Resolution,Starting_model,Model_Name,Truncation_Level,MR_program,Phaser_LLG,Phaser_TFZ,final_Rfact,final_Rfree,Global_mapCC,Local_mapCC
T1024,2.901,T1024TS427_1.pdb,loc0_ALL_bfactor_t90_polyala_UNMOD,90,PHASER,194,4.9,0.4838,0.5796,0.325,0.392
T1024,2.901,T1024TS427_1.pdb,loc0_ALL_bfactor_t95_polyala_UNMOD,95,PHASER,170,4.2,0.4994,0.5619,0.315,0.377
T1024,2.901,T1024TS427_1.pdb,loc0_ALL_bfactor_t85_polyala_UNMOD,85,PHASER,178,5.2,0.4925,0.5262,0.297,0.373
T1024,2.901,T1024TS427_1.pdb,loc0_ALL_bfactor_t80_polyala_UNMOD,80,PHASER,184,4.9,0.5024,0.5261,0.288,0.363
T1024,2.901,T1024TS427_1.pdb,loc0_ALL_bfactor_t100_polyala_UNMOD,100,PHASER,153,3.7,0.4863,0.5325,0.286,0.332
T1024,2.901,T1024TS427_1.pdb,loc0_ALL_bfactor_t66_polyala_UNMOD,66,PHASER,188,4.9,0.5059,0.5404,0.263,0.364
T1024,2.901,T1024TS427_1.pdb,loc0_ALL_bfactor_t71_polyala_UNMOD,71,PHASER,179,4.8,0.5043,0.5877,0.257,0.334
T1024,2.901,T1024TS427_1.pdb,loc0_ALL_bfactor_t61_polyala_UNMOD,61,PHASER,194,4.8,0.5024,0.5603,0.255,0.348
T1024,2.901,T1024TS427_1.pdb,loc0_ALL_bfactor_t56_polyala_UNMOD,56,PHASER,119,4.8,0.5382,0.5624,0.124,0.159
T1024,2.901,T1024TS427_1.pdb,loc0_ALL_bfactor_t75_polyala_UNMOD,75,PHASER,155,4.3,0.5176,0.5712,0.073,0.08
T1024,2.901,T1024TS427_1.pdb,loc0_ALL_bfactor_t12_polyala_UNMOD,12,PHASER,118,7.1,0.5566,0.5302,0.029,0.075
T1024,2.901,T1024TS427_1.pdb,loc0_ALL_bfactor_t31_polyala_UNMOD,31,PHASER,161,7.2,0.5394,0.56,0.019,0.043
T1024,2.901,T1024TS427_1.pdb,loc0_ALL_bfactor_t22_polyala_UNMOD,22,PHASER,140,7,0.5424,0.5579,0.018,0.063
T1024,2.901,T1024TS427_1.pdb,loc0_ALL_bfactor_t36_polyala_UNMOD,36,PHASER,165,6.9,0.5235,0.5871,0.018,0.037
T1024,2.901,T1024TS427_1.pdb,loc0_ALL_bfactor_t26_polyala_UNMOD,26,PHASER,163,8.9,0.5394,0.5512,0.009,0.022
T1024,2.901,T1024TS427_1.pdb,loc0_ALL_bfactor_t46_polyala_UNMOD,46,PHASER,171,6.8,0.5094,0.5534,0.009,0.025
T1024,2.901,T1024TS427_1.pdb,loc0_ALL_bfactor_t41_polyala_UNMOD,41,PHASER,178,7,0.521,0.5545,0.008,0.008
T1024,2.901,T1024TS427_1.pdb,loc0_ALL_bfactor_t7_polyala_UNMOD,7,PHASER,49,5.9,0.5777,0.5655,0.008,0.006
T1024,2.901,T1024TS427_1.pdb,loc0_ALL_bfactor_t51_polyala_UNMOD,51,PHASER,172,6.6,0.5159,0.5205,0.003,0.007
T1024,2.901,T1024TS427_1.pdb,loc0_ALL_bfactor_t17_polyala_UNMOD,17,PHASER,139,7.3,0.5451,0.5388,0.002,0.002
T1024,2.901,T1024TS427_1.pdb,loc0_ALL_bfactor_t2_polyala_UNMOD,2,PHASER,9,6.1,0.5872,0.5762,0.001,0.054
T1030,3.03,T1030TS427_1.pdb,loc0_ALL_bfactor_t33_polyala_UNMOD,33,PHASER,84,7.7,0.4974,0.5336,0.404,0.695
T1030,3.03,T1030TS427_1.pdb,loc0_ALL_bfactor_t38_polyala_UNMOD,38,PHASER,76,7.5,0.5047,0.5477,0.38,0.662
T1030,3.03,T1030TS427_1.pdb,loc0_ALL_bfactor_t44_polyala_UNMOD,44,PHASER,71,6.9,0.5093,0.5413,0.363,0.596
T1030,3.03,T1030TS427_1.pdb,loc0_ALL_bfactor_t28_polyala_UNMOD,28,PHASER,76,8.3,0.5095,0.5289,0.362,0.662
T1030,3.03,T1030TS427_1.pdb,loc0_ALL_bfactor_t18_polyala_UNMOD,18,PHASER,55,6.5,0.5376,0.5368,0.265,0.564
T1030,3.03,T1030TS427_1.pdb,loc0_ALL_bfactor_t85_polyala_UNMOD,85,PHASER,80,5.6,0.4976,0.5431,0.073,0.106
T1030,3.03,T1030TS427_1.pdb,loc0_ALL_bfactor_t95_polyala_UNMOD,95,PHASER,75,4.6,0.4862,0.5872,0.042,0.062
T1030,3.03,T1030TS427_1.pdb,loc0_ALL_bfactor_t13_polyala_UNMOD,13,PHASER,50,4.9,0.5431,0.5452,0.036,0.12
T1030,3.03,T1030TS427_1.pdb,loc0_ALL_bfactor_t49_polyala_UNMOD,49,PHASER,73,4.5,0.5156,0.5547,0.033,0.03
T1030,3.03,T1030TS427_1.pdb,loc0_ALL_bfactor_t59_polyala_UNMOD,59,PHASER,83,5.8,0.5014,0.5409,0.028,0.036
T1030,3.03,T1030TS427_1.pdb,loc0_ALL_bfactor_t64_polyala_UNMOD,64,PHASER,78,5.2,0.5009,0.5578,0.024,0.039
T1030,3.03,T1030TS427_1.pdb,loc0_ALL_bfactor_t74_polyala_UNMOD,74,PHASER,82,6.5,0.4989,0.5632,0.022,0.031
T1030,3.03,T1030TS427_1.pdb,loc0_ALL_bfactor_t90_polyala_UNMOD,90,PHASER,77,5,0.4847,0.5326,0.021,0.037
T1030,3.03,T1030TS427_1.pdb,loc0_ALL_bfactor_t100_polyala_UNMOD,100,PHASER,84,5,0.4856,0.562,0.019,0.03
T1030,3.03,T1030TS427_1.pdb,loc0_ALL_bfactor_t54_polyala_UNMOD,54,PHASER,75,5.9,0.5056,0.5101,0.017,0.046
T1030,3.03,T1030TS427_1.pdb,loc0_ALL_bfactor_t79_polyala_UNMOD,79,PHASER,79,5.1,0.4889,0.5512,0.008,0.018
T1030,3.03,T1030TS427_1.pdb,loc0_ALL_bfactor_t23_polyala_UNMOD,23,PHASER,64,5.8,0.5344,0.5742,0.004,0.014
T1030,3.03,T1030TS427_1.pdb,loc0_ALL_bfactor_t3_polyala_UNMOD,3,PHASER,13,5.9,0.5707,0.6172,-0.004,-0.114
T1030,3.03,T1030TS427_1.pdb,loc0_ALL_bfactor_t69_polyala_UNMOD,69,PHASER,79,5.2,0.5036,0.5554,-0.005,-0.016
T1030,3.03,T1030TS427_1.pdb,loc0_ALL_bfactor_t8_polyala_UNMOD,8,PHASER,35,4.9,0.5608,0.5733,-0.006,-0.049
T1032,3.3,T1032TS427_1-trimmed.pdb,loc0_ALL_bfactor_t10_polyala_UNMOD,10,PHASER,102,7.3,0.5722,0.5904,0.037,0.152
T1032,3.3,T1032TS427_1-trimmed.pdb,loc0_ALL_bfactor_t68_polyala_UNMOD,68,PHASER,129,6.5,0.5432,0.5634,0.03,0.045
T1032,3.3,T1032TS427_1-trimmed.pdb,loc0_ALL_bfactor_t42_polyala_UNMOD,42,PHASER,141,6.7,0.5522,0.5575,0.024,0.021
T1032,3.3,T1032TS427_1-trimmed.pdb,loc0_ALL_bfactor_t58_polyala_UNMOD,58,PHASER,178,9.4,0.5266,0.585,0.022,0.039
T1032,3.3,T1032TS427_1-trimmed.pdb,loc0_ALL_bfactor_t26_polyala_UNMOD,26,PHASER,316,6.7,0.5214,0.5687,0.019,0.032
T1032,3.3,T1032TS427_1-trimmed.pdb,loc0_ALL_bfactor_t74_polyala_UNMOD,74,PHASER,133,6.8,0.5342,0.5702,0.019,0.03
T1032,3.3,T1032TS427_1-trimmed.pdb,loc0_ALL_bfactor_t89_polyala_UNMOD,89,PHASER,108,12.2,0.5444,0.5821,0.019,0.039
T1032,3.3,T1032TS427_1-trimmed.pdb,loc0_ALL_bfactor_t36_polyala_UNMOD,36,PHASER,230,7.3,0.5295,0.5804,0.018,0.021
T1032,3.3,T1032TS427_1-trimmed.pdb,loc0_ALL_bfactor_t47_polyala_UNMOD,47,PHASER,154,7.4,0.5427,0.5595,0.017,0.013
T1032,3.3,T1032TS427_1-trimmed.pdb,loc0_ALL_bfactor_t31_polyala_UNMOD,31,PHASER,192,6.6,0.549,0.5692,0.015,0.032
T1032,3.3,T1032TS427_1-trimmed.pdb,loc0_ALL_bfactor_t63_polyala_UNMOD,63,PHASER,140,6.6,0.5353,0.5706,0.012,0.031
T1032,3.3,T1032TS427_1-trimmed.pdb,loc0_ALL_bfactor_t100_polyala_UNMOD,100,PHASER,133,8.4,0.5164,0.5728,0.011,0.027
T1032,3.3,T1032TS427_1-trimmed.pdb,loc0_ALL_bfactor_t15_polyala_UNMOD,15,PHASER,288,6.3,0.5512,0.5676,0.008,0.047
T1032,3.3,T1032TS427_1-trimmed.pdb,loc0_ALL_bfactor_t95_polyala_UNMOD,95,PHASER,141,9.4,0.5345,0.5689,0.008,0.02
T1032,3.3,T1032TS427_1-trimmed.pdb,loc0_ALL_bfactor_t79_polyala_UNMOD,79,PHASER,125,7.2,0.5402,0.579,0.004,0.001
T1032,3.3,T1032TS427_1-trimmed.pdb,loc0_ALL_bfactor_t52_polyala_UNMOD,52,PHASER,161,6.9,0.5345,0.5642,0.002,0.015
T1032,3.3,T1032TS427_1-trimmed.pdb,loc0_ALL_bfactor_t84_polyala_UNMOD,84,PHASER,146,7.6,0.5372,0.5897,0.001,-0.001
T1032,3.3,T1032TS427_1-trimmed.pdb,loc0_ALL_bfactor_t21_polyala_UNMOD,21,PHASER,244,7.1,0.5451,0.5787,0,-0.003
T1032,3.3,T1032TS427_1-trimmed.pdb,loc0_ALL_bfactor_t5_polyala_UNMOD,5,PHASER,67,11.5,0.5856,0.6011,-0.001,-0.034
T1034,2.059,T1034TS427_1.pdb,loc0_ALL_bfactor_t95_polyala_UNMOD,95,PHASER,2336,12,0.4248,0.4409,0.626,0.74
T1034,2.059,T1034TS427_1.pdb,loc0_ALL_bfactor_t100_polyala_UNMOD,100,PHASER,2333,11.4,0.429,0.4432,0.625,0.735
T1034,2.059,T1034TS427_1.pdb,loc0_ALL_bfactor_t90_polyala_UNMOD,90,PHASER,2262,11.4,0.4275,0.4529,0.616,0.74
T1034,2.059,T1034TS427_1.pdb,loc0_ALL_bfactor_t85_polyala_UNMOD,85,PHASER,2053,6.3,0.4339,0.456,0.609,0.739
T1034,2.059,T1034TS427_1.pdb,loc0_ALL_bfactor_t79_polyala_UNMOD,79,PHASER,2028,12.8,0.4444,0.4669,0.573,0.72
T1034,2.059,T1034TS427_1.pdb,loc0_ALL_bfactor_t74_polyala_UNMOD,74,PHASER,1855,12.8,0.4456,0.4757,0.558,0.709
T1034,2.059,T1034TS427_1.pdb,loc0_ALL_bfactor_t69_polyala_UNMOD,69,PHASER,1697,35.5,0.457,0.4727,0.554,0.746
T1034,2.059,T1034TS427_1.pdb,loc0_ALL_bfactor_t64_polyala_UNMOD,64,PHASER,1509,6.1,0.4645,0.4862,0.528,0.711
T1034,2.059,T1034TS427_1.pdb,loc0_ALL_bfactor_t59_polyala_UNMOD,59,PHASER,1430,14.3,0.469,0.4781,0.494,0.685
T1034,2.059,T1034TS427_1.pdb,loc0_ALL_bfactor_t54_polyala_UNMOD,54,PHASER,1300,15.6,0.4752,0.4927,0.467,0.666
T1034,2.059,T1034TS427_1.pdb,loc0_ALL_bfactor_t49_polyala_UNMOD,49,PHASER,1027,6.1,0.4821,0.5019,0.454,0.648
T1034,2.059,T1034TS427_1.pdb,loc0_ALL_bfactor_t44_polyala_UNMOD,44,PHASER,820,23.9,0.491,0.504,0.436,0.687
T1034,2.059,T1034TS427_1.pdb,loc0_ALL_bfactor_t38_polyala_UNMOD,38,PHASER,841,18.7,0.4953,0.5046,0.387,0.615
T1034,2.059,T1034TS427_1.pdb,loc0_ALL_bfactor_t28_polyala_UNMOD,28,PHASER,635,18.3,0.5112,0.5381,0.32,0.559
T1034,2.059,T1034TS427_1.pdb,loc0_ALL_bfactor_t33_polyala_UNMOD,33,PHASER,572,6.4,0.5074,0.5154,0.291,0.508
T1034,2.059,T1034TS427_1.pdb,loc0_ALL_bfactor_t23_polyala_UNMOD,23,PHASER,89,8.5,0.533,0.544,0.119,0.365
T1034,2.059,T1034TS427_1.pdb,loc0_ALL_bfactor_t8_polyala_UNMOD,8,PHASER,594,12.8,0.5469,0.5487,0.022,0.073
T1034,2.059,T1034TS427_1.pdb,loc0_ALL_bfactor_t13_polyala_UNMOD,13,PHASER,506,8.7,0.5535,0.572,0.015,0.044
T1034,2.059,T1034TS427_1.pdb,loc0_ALL_bfactor_t18_polyala_UNMOD,18,PHASER,340,7.5,0.5394,0.5512,0.014,0.047
T1034,2.059,T1034TS427_1.pdb,loc0_ALL_bfactor_t3_polyala_UNMOD,3,PHASER,516,9.9,0.5471,0.5464,0.011,0.085
T1038,2.5,T1038TS427_1.pdb,loc0_ALL_bfactor_t90_polyala_UNMOD,90,PHASER,762,4.7,0.4094,0.4505,0.701,0.775
T1038,2.5,T1038TS427_1.pdb,loc0_ALL_bfactor_t100_polyala_UNMOD,100,PHASER,758,5.1,0.4127,0.4542,0.693,0.761
T1038,2.5,T1038TS427_1.pdb,loc0_ALL_bfactor_t85_polyala_UNMOD,85,PHASER,772,7,0.412,0.448,0.689,0.766
T1038,2.5,T1038TS427_1.pdb,loc0_ALL_bfactor_t95_polyala_UNMOD,95,PHASER,757,5.4,0.4155,0.4601,0.687,0.755
T1038,2.5,T1038TS427_1.pdb,loc0_ALL_bfactor_t80_polyala_UNMOD,80,PHASER,792,6.5,0.413,0.4511,0.686,0.768
T1038,2.5,T1038TS427_1.pdb,loc0_ALL_bfactor_t75_polyala_UNMOD,75,PHASER,784,6.8,0.4174,0.4495,0.677,0.768
T1038,2.5,T1038TS427_1.pdb,loc0_ALL_bfactor_t70_polyala_UNMOD,70,PHASER,716,19.4,0.4265,0.456,0.65,0.746
T1038,2.5,T1038TS427_1.pdb,loc0_ALL_bfactor_t65_polyala_UNMOD,65,PHASER,697,5.8,0.4315,0.4624,0.63,0.743
T1038,2.5,T1038TS427_1.pdb,loc0_ALL_bfactor_t60_polyala_UNMOD,60,PHASER,673,5.7,0.4349,0.4772,0.618,0.75
T1038,2.5,T1038TS427_1.pdb,loc0_ALL_bfactor_t50_polyala_UNMOD,50,PHASER,584,6.7,0.4639,0.4868,0.552,0.698
T1038,2.5,T1038TS427_1.pdb,loc0_ALL_bfactor_t35_polyala_UNMOD,35,PHASER,488,17.2,0.4816,0.5036,0.472,0.661
T1038,2.5,T1038TS427_1.pdb,loc0_ALL_bfactor_t55_polyala_UNMOD,55,PHASER,427,6.1,0.4888,0.5138,0.454,0.607
T1038,2.5,T1038TS427_1.pdb,loc0_ALL_bfactor_t45_polyala_UNMOD,45,PHASER,428,6.7,0.4926,0.5036,0.43,0.594
T1038,2.5,T1038TS427_1.pdb,loc0_ALL_bfactor_t40_polyala_UNMOD,40,PHASER,430,7.5,0.4956,0.5055,0.42,0.585
T1038,2.5,T1038TS427_1.pdb,loc0_ALL_bfactor_t30_polyala_UNMOD,30,PHASER,302,6.8,0.5043,0.5201,0.334,0.51
T1038,2.5,T1038TS427_1.pdb,loc0_ALL_bfactor_t25_polyala_UNMOD,25,PHASER,243,7.3,0.5154,0.5371,0.287,0.475
T1038,2.5,T1038TS427_1.pdb,loc0_ALL_bfactor_t20_polyala_UNMOD,20,PHASER,173,8.1,0.5284,0.5353,0.104,0.204
T1038,2.5,T1038TS427_1.pdb,loc0_ALL_bfactor_t15_polyala_UNMOD,15,PHASER,170,8.3,0.529,0.5432,0.102,0.24
T1038,2.5,T1038TS427_1.pdb,loc0_ALL_bfactor_t10_polyala_UNMOD,10,PHASER,154,7.9,0.5406,0.5318,0.026,0.063
T1038,2.5,T1038TS427_1.pdb,loc0_ALL_bfactor_t5_polyala_UNMOD,5,PHASER,147,8.4,0.5496,0.5472,0.02,0.091
T1046,1.65,T1046s1TS427_1.pdb,loc0_ALL_bfactor_t89_polyala_UNMOD,89,PHASER,496,9.3,0.5067,0.5184,0.389,0.683
T1046,1.65,T1046s1TS427_1.pdb,loc0_ALL_bfactor_t78_polyala_UNMOD,78,PHASER,484,9.8,0.5101,0.5177,0.369,0.67
T1046,1.65,T1046s1TS427_1.pdb,loc0_ALL_bfactor_t62_polyala_UNMOD,62,PHASER,451,11.1,0.517,0.5157,0.34,0.676
T1046,1.65,T1046s1TS427_1.pdb,loc0_ALL_bfactor_t57_polyala_UNMOD,57,PHASER,442,10.5,0.5195,0.5177,0.327,0.691
T1046,1.65,T1046s1TS427_1.pdb,loc0_ALL_bfactor_t51_polyala_UNMOD,51,PHASER,396,9.1,0.5223,0.5324,0.295,0.658
T1046,1.65,T1046s1TS427_1.pdb,loc0_ALL_bfactor_t46_polyala_UNMOD,46,PHASER,359,9,0.525,0.5324,0.287,0.67
T1046,1.65,T1046s1TS427_1.pdb,loc0_ALL_bfactor_t95_polyala_UNMOD,95,PHASER,217,5.8,0.5345,0.5567,0.25,0.505
T1046,1.65,T1046s1TS427_1.pdb,loc0_ALL_bfactor_t100_polyala_UNMOD,100,PHASER,218,5.9,0.5361,0.5556,0.248,0.497
T1046,1.65,T1046s1TS427_1.pdb,loc0_ALL_bfactor_t84_polyala_UNMOD,84,PHASER,200,5,0.5347,0.5451,0.248,0.544
T1046,1.65,T1046s1TS427_1.pdb,loc0_ALL_bfactor_t73_polyala_UNMOD,73,PHASER,188,5.9,0.5361,0.5359,0.231,0.51
T1046,1.65,T1046s1TS427_1.pdb,loc0_ALL_bfactor_t68_polyala_UNMOD,68,PHASER,193,5.4,0.5385,0.5422,0.228,0.513
T1046,1.65,T1046s1TS427_1.pdb,loc0_ALL_bfactor_t41_polyala_UNMOD,41,PHASER,147,8.9,0.5376,0.5459,0.16,0.461
T1046,1.65,T1046s1TS427_1.pdb,loc0_ALL_bfactor_t30_polyala_UNMOD,30,PHASER,109,6.9,0.539,0.5329,0.137,0.464
T1046,1.65,T1046s1TS427_1.pdb,loc0_ALL_bfactor_t35_polyala_UNMOD,35,PHASER,49,4.8,0.5387,0.5466,0.111,0.436
T1046,1.65,T1046s1TS427_1.pdb,loc0_ALL_bfactor_t14_polyala_UNMOD,14,PHASER,141,7.5,0.5429,0.5453,0.002,0.037
T1046,1.65,T1046s1TS427_1.pdb,loc0_ALL_bfactor_t19_polyala_UNMOD,19,PHASER,108,7.4,0.5448,0.5541,0.002,0.034
T1046,1.65,T1046s1TS427_1.pdb,loc0_ALL_bfactor_t24_polyala_UNMOD,24,PHASER,93,7.8,0.5425,0.5535,0,0.004
T1046,1.65,T1046s1TS427_1.pdb,loc0_ALL_bfactor_t8_polyala_UNMOD,8,PHASER,189,8.8,0.5403,0.5498,-0.001,-0.021
T1046,1.65,T1046s2TS427_1.pdb,loc0_ALL_bfactor_t95_polyala_UNMOD,95,PHASER,474,25.1,0.4711,0.4862,0.526,0.784
T1046,1.65,T1046s2TS427_1.pdb,loc0_ALL_bfactor_t100_polyala_UNMOD,100,PHASER,803,5.3,0.4727,0.4987,0.524,0.747
T1046,1.65,T1046s2TS427_1.pdb,loc0_ALL_bfactor_t90_polyala_UNMOD,90,PHASER,817,30.3,0.4737,0.4892,0.515,0.787
T1046,1.65,T1046s2TS427_1.pdb,loc0_ALL_bfactor_t85_polyala_UNMOD,85,PHASER,537,25.4,0.4733,0.4926,0.511,0.791
T1046,1.65,T1046s2TS427_1.pdb,loc0_ALL_bfactor_t80_polyala_UNMOD,80,PHASER,558,25.9,0.478,0.4936,0.499,0.787
T1046,1.65,T1046s2TS427_1.pdb,loc0_ALL_bfactor_t75_polyala_UNMOD,75,PHASER,566,26.8,0.4815,0.4943,0.488,0.789
T1046,1.65,T1046s2TS427_1.pdb,loc0_ALL_bfactor_t70_polyala_UNMOD,70,PHASER,548,26.1,0.487,0.4989,0.47,0.78
T1046,1.65,T1046s2TS427_1.pdb,loc0_ALL_bfactor_t65_polyala_UNMOD,65,PHASER,548,25.9,0.4926,0.5081,0.456,0.776
T1046,1.65,T1046s2TS427_1.pdb,loc0_ALL_bfactor_t61_polyala_UNMOD,61,PHASER,500,23.8,0.4967,0.5108,0.441,0.777
T1046,1.65,T1046s2TS427_1.pdb,loc0_ALL_bfactor_t56_polyala_UNMOD,56,PHASER,493,6.6,0.5048,0.5138,0.402,0.643
T1046,1.65,T1046s2TS427_1.pdb,loc0_ALL_bfactor_t51_polyala_UNMOD,51,PHASER,501,6.7,0.5065,0.5168,0.397,0.632
T1046,1.65,T1046s2TS427_1.pdb,loc0_ALL_bfactor_t46_polyala_UNMOD,46,PHASER,444,23.5,0.5098,0.5196,0.38,0.744
T1046,1.65,T1046s2TS427_1.pdb,loc0_ALL_bfactor_t41_polyala_UNMOD,41,PHASER,371,22,0.5134,0.523,0.358,0.732
T1046,1.65,T1046s2TS427_1.pdb,loc0_ALL_bfactor_t36_polyala_UNMOD,36,PHASER,339,19.4,0.5171,0.5201,0.336,0.719
T1046,1.65,T1046s2TS427_1.pdb,loc0_ALL_bfactor_t31_polyala_UNMOD,31,PHASER,286,19.5,0.52,0.5196,0.314,0.717
T1046,1.65,T1046s2TS427_1.pdb,loc0_ALL_bfactor_t26_polyala_UNMOD,26,PHASER,280,6.8,0.5239,0.527,0.263,0.635
T1046,1.65,T1046s2TS427_1.pdb,loc0_ALL_bfactor_t21_polyala_UNMOD,21,PHASER,189,14.1,0.532,0.5234,0.258,0.708
T1046,1.65,T1046s2TS427_1.pdb,loc0_ALL_bfactor_t16_polyala_UNMOD,16,PHASER,53,7.4,0.5451,0.5354,0.155,0.653
T1046,1.65,T1046s2TS427_1.pdb,loc0_ALL_bfactor_t11_polyala_UNMOD,11,PHASER,126,7.5,0.5437,0.5337,0.002,0.034
T1046,1.65,T1046s2TS427_1.pdb,loc0_ALL_bfactor_t6_polyala_UNMOD,6,PHASER,197,8.7,0.5447,0.5457,-0.002,-0.018
T1049,1.75,T1049TS427_1.pdb,loc0_ALL_bfactor_t90_polyala_UNMOD,90,PHASER,385,19.5,0.4655,0.5146,0.632,0.747
T1049,1.75,T1049TS427_1.pdb,loc0_ALL_bfactor_t85_polyala_UNMOD,85,PHASER,406,22.2,0.4685,0.5073,0.629,0.764
T1049,1.75,T1049TS427_1.pdb,loc0_ALL_bfactor_t95_polyala_UNMOD,95,PHASER,375,19.8,0.471,0.5224,0.622,0.727
T1049,1.75,T1049TS427_1.pdb,loc0_ALL_bfactor_t100_polyala_UNMOD,100,PHASER,375,22,0.4741,0.5254,0.619,0.72
T1049,1.75,T1049TS427_1.pdb,loc0_ALL_bfactor_t80_polyala_UNMOD,80,PHASER,409,22.8,0.4732,0.5071,0.619,0.769
T1049,1.75,T1049TS427_1.pdb,loc0_ALL_bfactor_t75_polyala_UNMOD,75,PHASER,389,21.6,0.4823,0.5035,0.6,0.765
T1049,1.75,T1049TS427_1.pdb,loc0_ALL_bfactor_t70_polyala_UNMOD,70,PHASER,367,20.3,0.4905,0.5187,0.579,0.759
T1049,1.75,T1049TS427_1.pdb,loc0_ALL_bfactor_t65_polyala_UNMOD,65,PHASER,362,18.5,0.4993,0.534,0.556,0.752
T1049,1.75,T1049TS427_1.pdb,loc0_ALL_bfactor_t60_polyala_UNMOD,60,PHASER,329,18,0.5107,0.5366,0.538,0.752
T1049,1.75,T1049TS427_1.pdb,loc0_ALL_bfactor_t55_polyala_UNMOD,55,PHASER,279,18.9,0.5189,0.5481,0.513,0.738
T1049,1.75,T1049TS427_1.pdb,loc0_ALL_bfactor_t50_polyala_UNMOD,50,PHASER,261,16.5,0.5255,0.5632,0.491,0.722
T1049,1.75,T1049TS427_1.pdb,loc0_ALL_bfactor_t45_polyala_UNMOD,45,PHASER,247,15.9,0.5315,0.5548,0.467,0.712
T1049,1.75,T1049TS427_1.pdb,loc0_ALL_bfactor_t40_polyala_UNMOD,40,PHASER,186,14.9,0.5454,0.5703,0.438,0.707
T1049,1.75,T1049TS427_1.pdb,loc0_ALL_bfactor_t35_polyala_UNMOD,35,PHASER,147,13,0.5552,0.5658,0.412,0.701
T1049,1.75,T1049TS427_1.pdb,loc0_ALL_bfactor_t30_polyala_UNMOD,30,PHASER,127,12.3,0.5586,0.5494,0.374,0.667
T1049,1.75,T1049TS427_1.pdb,loc0_ALL_bfactor_t26_polyala_UNMOD,26,PHASER,107,11.8,0.5646,0.5594,0.341,0.651
T1049,1.75,T1049TS427_1.pdb,loc0_ALL_bfactor_t21_polyala_UNMOD,21,PHASER,82,10.1,0.5683,0.5733,0.297,0.619
T1049,1.75,T1049TS427_1.pdb,loc0_ALL_bfactor_t16_polyala_UNMOD,16,PHASER,72,9.2,0.5681,0.5901,0.248,0.585
T1049,1.75,T1049TS427_1.pdb,loc0_ALL_bfactor_t11_polyala_UNMOD,11,PHASER,47,7.7,0.5806,0.5948,0.203,0.571
T1049,1.75,T1049TS427_1.pdb,loc0_ALL_bfactor_t6_polyala_UNMOD,6,PHASER,33,6,0.5867,0.6055,0.009,0.063
T1050,2.7,T1050TS427_1.pdb,bfactor_t100_polyala,100,MARGINAL,1581,29.8,0.4092,0.4505,0.666,0.782
T1050,2.7,T1050TS427_1.pdb,bfactor_t95_polyala,95,MARGINAL,1669,30.6,0.4115,0.4526,0.661,0.782
T1050,2.7,T1050TS427_1.pdb,bfactor_t90_polyala,90,MARGINAL,2307,36.1,0.4112,0.4626,0.645,0.764
T1050,2.7,T1050TS427_1.pdb,bfactor_t85_polyala,85,MARGINAL,1644,32.2,0.42,0.4585,0.639,0.778
T1050,2.7,T1050TS427_1.pdb,bfactor_t80_polyala,80,MARGINAL,1589,30.1,0.4295,0.4669,0.616,0.767
T1050,2.7,T1050TS427_1.pdb,bfactor_t75_polyala,75,MARGINAL,1542,30.9,0.4348,0.4759,0.598,0.763
T1050,2.7,T1050TS427_1.pdb,bfactor_t70_polyala,70,MARGINAL,1536,30.6,0.4457,0.4841,0.579,0.759
T1050,2.7,T1050TS427_1.pdb,bfactor_t65_polyala,65,MARGINAL,1707,31.2,0.4458,0.4914,0.545,0.72
T1050,2.7,T1050TS427_1.pdb,bfactor_t60_polyala,60,MARGINAL,1360,29,0.4607,0.4908,0.534,0.744
T1050,2.7,T1050TS427_1.pdb,bfactor_t50_polyala,50,POOR,1230,25.8,0.4769,0.507,0.489,0.733
T1050,2.7,T1050TS427_1.pdb,bfactor_t45_polyala,45,POOR,1072,24,0.4842,0.5128,0.461,0.719
T1050,2.7,T1050TS427_1.pdb,bfactor_t40_polyala,40,POOR,874,22,0.4922,0.5205,0.431,0.707
T1050,2.7,T1050TS427_1.pdb,bfactor_t35_polyala,35,POOR,697,20.5,0.5011,0.5238,0.397,0.687
T1050,2.7,T1050TS427_1.pdb,bfactor_t30_polyala,30,POOR,488,17.4,0.5094,0.5326,0.366,0.679
T1050,2.7,T1050TS427_1.pdb,bfactor_t25_polyala,25,POOR,406,15.9,0.5199,0.5366,0.321,0.65
T1050,2.7,T1050TS427_1.pdb,bfactor_t55_polyala,55,POOR,291,6.7,0.5206,0.5534,0.242,0.459
T1050,2.7,T1050TS427_1.pdb,bfactor_t20_polyala,20,POOR,60,10.2,0.5606,0.5629,0.136,0.462
T1050,2.7,T1050TS427_1.pdb,bfactor_t10_polyala,10,POOR,None,5.3,0.5748,0.5711,0.009,0.071
T1050,2.7,T1050TS427_1.pdb,bfactor_t5_polyala,5,POOR,36,6.3,0.5714,0.5685,0.008,0.066
T1050,2.7,T1050TS427_1.pdb,bfactor_t15_polyala,15,POOR,38,6.7,0.5668,0.5723,0.005,0.053
T1052,1.976,T1052TS427_1.pdb,loc0_ALL_bfactor_t95_polyala_UNMOD,95,PHASER,195,8.4,0.4685,0.4846,0.497,0.639
T1052,1.976,T1052TS427_1.pdb,loc0_ALL_bfactor_t90_polyala_UNMOD,90,PHASER,280,10.4,0.4694,0.4853,0.492,0.643
T1052,1.976,T1052TS427_1.pdb,loc0_ALL_bfactor_t100_polyala_UNMOD,100,PHASER,152,8.5,0.4715,0.4871,0.488,0.624
T1052,1.976,T1052TS427_1.pdb,loc0_ALL_bfactor_t80_polyala_UNMOD,80,PHASER,398,13.5,0.4726,0.4902,0.487,0.661
T1052,1.976,T1052TS427_1.pdb,loc0_ALL_bfactor_t85_polyala_UNMOD,85,PHASER,336,11.2,0.471,0.4907,0.484,0.642
T1052,1.976,T1052TS427_1.pdb,loc0_ALL_bfactor_t75_polyala_UNMOD,75,PHASER,415,12.4,0.4743,0.4936,0.48,0.664
T1052,1.976,T1052TS427_1.pdb,loc0_ALL_bfactor_t70_polyala_UNMOD,70,PHASER,405,13.6,0.4763,0.4948,0.475,0.668
T1052,1.976,T1052TS427_1.pdb,loc0_ALL_bfactor_t50_polyala_UNMOD,50,PHASER,594,19,0.4869,0.5062,0.453,0.727
T1052,1.976,T1052TS427_1.pdb,loc0_ALL_bfactor_t65_polyala_UNMOD,65,PHASER,-2365,4.4,0.4746,0.506,0.449,0.616
T1052,1.976,T1052TS427_1.pdb,loc0_ALL_bfactor_t44_polyala_UNMOD,44,PHASER,650,18.9,0.4917,0.5116,0.442,0.728
T1052,1.976,T1052TS427_1.pdb,loc0_ALL_bfactor_t55_polyala_UNMOD,55,PHASER,1526,3.8,0.4798,0.5087,0.431,0.638
T1052,1.976,T1052TS427_1.pdb,loc0_ALL_bfactor_t60_polyala_UNMOD,60,PHASER,1396,3.5,0.4773,0.5064,0.429,0.608
T1052,1.976,T1052TS427_1.pdb,loc0_ALL_bfactor_t39_polyala_UNMOD,39,PHASER,813,21.5,0.4982,0.5142,0.427,0.746
T1052,1.976,T1052TS427_1.pdb,loc0_ALL_bfactor_t34_polyala_UNMOD,34,PHASER,1649,4,0.5005,0.5177,0.381,0.588
T1052,1.976,T1052TS427_1.pdb,loc0_ALL_bfactor_t29_polyala_UNMOD,29,PHASER,1661,5.3,0.5115,0.5245,0.362,0.597
T1052,1.976,T1052TS427_1.pdb,loc0_ALL_bfactor_t19_polyala_UNMOD,19,PHASER,1141,25.9,0.5265,0.5341,0.323,0.724
T1052,1.976,T1052TS427_1.pdb,loc0_ALL_bfactor_t24_polyala_UNMOD,24,PHASER,1598,17.9,0.5147,0.5308,0.298,0.517
T1052,1.976,T1052TS427_1.pdb,loc0_ALL_bfactor_t14_polyala_UNMOD,14,PHASER,767,20,0.5316,0.5373,0.272,0.678
T1052,1.976,T1052TS427_1.pdb,loc0_ALL_bfactor_t9_polyala_UNMOD,9,PHASER,433,14.8,0.5413,0.5523,0.218,0.636
T1052,1.976,T1052TS427_1.pdb,loc0_ALL_bfactor_t4_polyala_UNMOD,4,PHASER,423,15.2,0.5395,0.5396,0.027,0.098
T1053,3.194,T1053TS427_1.pdb,loc0_ALL_bfactor_t90_polyala_UNMOD,90,PHASER,1478,29.7,0.4129,0.4649,0.604,0.713
T1053,3.194,T1053TS427_1.pdb,loc0_ALL_bfactor_t95_polyala_UNMOD,95,PHASER,1358,5.8,0.4064,0.4664,0.602,0.693
T1053,3.194,T1053TS427_1.pdb,loc0_ALL_bfactor_t85_polyala_UNMOD,85,PHASER,1499,32,0.4203,0.4684,0.592,0.71
T1053,3.194,T1053TS427_1.pdb,loc0_ALL_bfactor_t100_polyala_UNMOD,100,PHASER,1391,5.2,0.4062,0.4769,0.583,0.661
T1053,3.194,T1053TS427_1.pdb,loc0_ALL_bfactor_t80_polyala_UNMOD,80,PHASER,1334,5.7,0.4282,0.4916,0.559,0.679
T1053,3.194,T1053TS427_1.pdb,loc0_ALL_bfactor_t75_polyala_UNMOD,75,PHASER,1101,6.3,0.4334,0.4949,0.549,0.68
T1053,3.194,T1053TS427_1.pdb,loc0_ALL_bfactor_t65_polyala_UNMOD,65,PHASER,1054,5.8,0.4483,0.5102,0.51,0.657
T1053,3.194,T1053TS427_1.pdb,loc0_ALL_bfactor_t70_polyala_UNMOD,70,PHASER,742,23.2,0.4798,0.5142,0.468,0.679
T1053,3.194,T1053TS427_1.pdb,loc0_ALL_bfactor_t60_polyala_UNMOD,60,PHASER,656,6.3,0.484,0.5356,0.415,0.588
T1053,3.194,T1053TS427_1.pdb,loc0_ALL_bfactor_t55_polyala_UNMOD,55,PHASER,585,7,0.4893,0.5418,0.403,0.588
T1053,3.194,T1053TS427_1.pdb,loc0_ALL_bfactor_t50_polyala_UNMOD,50,PHASER,498,6.5,0.4984,0.5413,0.372,0.574
T1053,3.194,T1053TS427_1.pdb,loc0_ALL_bfactor_t40_polyala_UNMOD,40,PHASER,313,18.6,0.5155,0.5557,0.354,0.631
T1053,3.194,T1053TS427_1.pdb,loc0_ALL_bfactor_t45_polyala_UNMOD,45,PHASER,413,6.9,0.5069,0.5562,0.344,0.562
T1053,3.194,T1053TS427_1.pdb,loc0_ALL_bfactor_t20_polyala_UNMOD,20,PHASER,217,16.4,0.5708,0.5877,0.005,0.021
T1053,3.194,T1053TS427_1.pdb,loc0_ALL_bfactor_t30_polyala_UNMOD,30,PHASER,54,6.4,0.5519,0.5597,0.005,0.014
T1053,3.194,T1053TS427_1.pdb,loc0_ALL_bfactor_t35_polyala_UNMOD,35,PHASER,49,6.4,0.5585,0.5737,0.005,0.033
T1053,3.194,T1053TS427_1.pdb,loc0_ALL_bfactor_t10_polyala_UNMOD,10,PHASER,50,7.4,0.5643,0.5776,0.004,0.016
T1053,3.194,T1053TS427_1.pdb,loc0_ALL_bfactor_t15_polyala_UNMOD,15,PHASER,63,7.3,0.5601,0.5714,0.004,0.033
T1053,3.194,T1053TS427_1.pdb,loc0_ALL_bfactor_t25_polyala_UNMOD,25,PHASER,53,7,0.5565,0.5792,0,0.001
T1053,3.194,T1053TS427_1.pdb,loc0_ALL_bfactor_t5_polyala_UNMOD,5,PHASER,29,8.6,0.5726,0.5724,-0.002,-0.082
T1054,1.65,T1054TS427_1.pdb,loc0_ALL_bfactor_t74_polyala_UNMOD,74,PHASER,731,30.2,0.4643,0.4783,0.589,0.74
T1054,1.65,T1054TS427_1.pdb,loc0_ALL_bfactor_t84_polyala_UNMOD,84,PHASER,718,28.9,0.4676,0.4826,0.583,0.721
T1054,1.65,T1054TS427_1.pdb,loc0_ALL_bfactor_t89_polyala_UNMOD,89,PHASER,699,27.4,0.4694,0.4798,0.583,0.718
T1054,1.65,T1054TS427_1.pdb,loc0_ALL_bfactor_t100_polyala_UNMOD,100,PHASER,661,27.9,0.4685,0.4824,0.579,0.707
T1054,1.65,T1054TS427_1.pdb,loc0_ALL_bfactor_t68_polyala_UNMOD,68,PHASER,697,31.1,0.4671,0.4621,0.578,0.736
T1054,1.65,T1054TS427_1.pdb,loc0_ALL_bfactor_t79_polyala_UNMOD,79,PHASER,728,28.2,0.4646,0.4799,0.578,0.728
T1054,1.65,T1054TS427_1.pdb,loc0_ALL_bfactor_t95_polyala_UNMOD,95,PHASER,680,26.7,0.4708,0.4836,0.575,0.705
T1054,1.65,T1054TS427_1.pdb,loc0_ALL_bfactor_t58_polyala_UNMOD,58,PHASER,721,29.9,0.4726,0.4794,0.562,0.761
T1054,1.65,T1054TS427_1.pdb,loc0_ALL_bfactor_t63_polyala_UNMOD,63,PHASER,691,31.4,0.4749,0.4764,0.56,0.724
T1054,1.65,T1054TS427_1.pdb,loc0_ALL_bfactor_t53_polyala_UNMOD,53,PHASER,706,29.4,0.4819,0.4883,0.55,0.768
T1054,1.65,T1054TS427_1.pdb,loc0_ALL_bfactor_t47_polyala_UNMOD,47,PHASER,649,30.6,0.4848,0.5014,0.536,0.78
T1054,1.65,T1054TS427_1.pdb,loc0_ALL_bfactor_t42_polyala_UNMOD,42,PHASER,553,28.3,0.495,0.5001,0.512,0.778
T1054,1.65,T1054TS427_1.pdb,loc0_ALL_bfactor_t37_polyala_UNMOD,37,PHASER,462,24.3,0.5108,0.5139,0.476,0.765
T1054,1.65,T1054TS427_1.pdb,loc0_ALL_bfactor_t32_polyala_UNMOD,32,PHASER,373,22.6,0.5177,0.5214,0.439,0.747
T1054,1.65,T1054TS427_1.pdb,loc0_ALL_bfactor_t26_polyala_UNMOD,26,PHASER,322,21.5,0.5253,0.5134,0.412,0.744
T1054,1.65,T1054TS427_1.pdb,loc0_ALL_bfactor_t21_polyala_UNMOD,21,PHASER,205,17.1,0.5398,0.527,0.362,0.723
T1054,1.65,T1054TS427_1.pdb,loc0_ALL_bfactor_t16_polyala_UNMOD,16,PHASER,113,13.6,0.5498,0.5452,0.312,0.736
T1054,1.65,T1054TS427_1.pdb,loc0_ALL_bfactor_t11_polyala_UNMOD,11,PHASER,66,9.9,0.5625,0.5608,0.253,0.682
T1054,1.65,T1054TS427_1.pdb,loc0_ALL_bfactor_t5_polyala_UNMOD,5,PHASER,49,7.2,0.5682,0.5841,0.003,0.018
T1056,2.3,T1056TS427_1.pdb,loc0_ALL_bfactor_t100_polyala_UNMOD,100,PHASER,587,11,0.4371,0.4671,0.624,0.748
T1056,2.3,T1056TS427_1.pdb,loc0_ALL_bfactor_t90_polyala_UNMOD,90,PHASER,601,7.7,0.4392,0.4704,0.618,0.753
T1056,2.3,T1056TS427_1.pdb,loc0_ALL_bfactor_t95_polyala_UNMOD,95,PHASER,588,9.5,0.443,0.4674,0.612,0.734
T1056,2.3,T1056TS427_1.pdb,loc0_ALL_bfactor_t85_polyala_UNMOD,85,PHASER,623,13.6,0.4431,0.4646,0.606,0.751
T1056,2.3,T1056TS427_1.pdb,loc0_ALL_bfactor_t81_polyala_UNMOD,81,PHASER,585,9.6,0.4544,0.4872,0.583,0.744
T1056,2.3,T1056TS427_1.pdb,loc0_ALL_bfactor_t76_polyala_UNMOD,76,PHASER,575,13.7,0.4591,0.4883,0.573,0.743
T1056,2.3,T1056TS427_1.pdb,loc0_ALL_bfactor_t71_polyala_UNMOD,71,PHASER,526,13.1,0.4651,0.4825,0.555,0.74
T1056,2.3,T1056TS427_1.pdb,loc0_ALL_bfactor_t66_polyala_UNMOD,66,PHASER,505,12.5,0.4696,0.5049,0.545,0.747
T1056,2.3,T1056TS427_1.pdb,loc0_ALL_bfactor_t61_polyala_UNMOD,61,PHASER,516,13.9,0.477,0.5154,0.524,0.742
T1056,2.3,T1056TS427_1.pdb,loc0_ALL_bfactor_t56_polyala_UNMOD,56,PHASER,469,13.5,0.4814,0.5158,0.505,0.741
T1056,2.3,T1056TS427_1.pdb,loc0_ALL_bfactor_t52_polyala_UNMOD,52,PHASER,403,16.4,0.4874,0.5188,0.481,0.732
T1056,2.3,T1056TS427_1.pdb,loc0_ALL_bfactor_t47_polyala_UNMOD,47,PHASER,360,13,0.4943,0.5159,0.452,0.716
T1056,2.3,T1056TS427_1.pdb,loc0_ALL_bfactor_t42_polyala_UNMOD,42,PHASER,327,11.7,0.5032,0.5161,0.437,0.724
T1056,2.3,T1056TS427_1.pdb,loc0_ALL_bfactor_t37_polyala_UNMOD,37,PHASER,279,10.6,0.5078,0.5295,0.419,0.719
T1056,2.3,T1056TS427_1.pdb,loc0_ALL_bfactor_t32_polyala_UNMOD,32,PHASER,241,9.2,0.5163,0.538,0.396,0.719
T1056,2.3,T1056TS427_1.pdb,loc0_ALL_bfactor_t27_polyala_UNMOD,27,PHASER,196,7.9,0.5222,0.5355,0.36,0.705
T1056,2.3,T1056TS427_1.pdb,loc0_ALL_bfactor_t23_polyala_UNMOD,23,PHASER,150,7.4,0.5381,0.5379,0.335,0.703
T1056,2.3,T1056TS427_1.pdb,loc0_ALL_bfactor_t18_polyala_UNMOD,18,PHASER,131,8.2,0.5452,0.5471,0.302,0.704
T1056,2.3,T1056TS427_1.pdb,loc0_ALL_bfactor_t13_polyala_UNMOD,13,PHASER,102,4.7,0.5444,0.5634,0.229,0.588
T1056,2.3,T1056TS427_1.pdb,loc0_ALL_bfactor_t3_polyala_UNMOD,3,PHASER,85,2.4,0.5688,0.5451,0.051,0.187
T1056,2.3,T1056TS427_1.pdb,loc0_ALL_bfactor_t8_polyala_UNMOD,8,PHASER,58,3.3,0.5465,0.5412,0.021,0.075
T1058,3.074,T1058TS427_1.pdb,loc0_ALL_bfactor_t100_polyala_UNMOD,100,PHASER,331,5.5,0.4348,0.5167,0.304,0.344
T1058,3.074,T1058TS427_1.pdb,loc0_ALL_bfactor_t95_polyala_UNMOD,95,PHASER,291,4.9,0.4471,0.5256,0.298,0.341
T1058,3.074,T1058TS427_1.pdb,loc0_ALL_bfactor_t80_polyala_UNMOD,80,PHASER,329,6.2,0.5033,0.5012,0.296,0.366
T1058,3.074,T1058TS427_1.pdb,loc0_ALL_bfactor_t85_polyala_UNMOD,85,PHASER,342,6.2,0.4553,0.5201,0.29,0.341
T1058,3.074,T1058TS427_1.pdb,loc0_ALL_bfactor_t90_polyala_UNMOD,90,PHASER,301,4.9,0.4624,0.5352,0.29,0.335
T1058,3.074,T1058TS427_1.pdb,loc0_ALL_bfactor_t50_polyala_UNMOD,50,PHASER,128,7.4,0.5091,0.5257,0.284,0.443
T1058,3.074,T1058TS427_1.pdb,loc0_ALL_bfactor_t75_polyala_UNMOD,75,PHASER,170,5.4,0.5234,0.5336,0.26,0.374
T1058,3.074,T1058TS427_1.pdb,loc0_ALL_bfactor_t60_polyala_UNMOD,60,PHASER,162,6.7,0.4916,0.5234,0.258,0.356
T1058,3.074,T1058TS427_1.pdb,loc0_ALL_bfactor_t70_polyala_UNMOD,70,PHASER,181,6.5,0.4778,0.5294,0.241,0.303
T1058,3.074,T1058TS427_1.pdb,loc0_ALL_bfactor_t65_polyala_UNMOD,65,PHASER,160,5.7,0.4646,0.5245,0.24,0.311
T1058,3.074,T1058TS427_1.pdb,loc0_ALL_bfactor_t55_polyala_UNMOD,55,PHASER,163,6.3,0.4896,0.5334,0.218,0.299
T1058,3.074,T1058TS427_1.pdb,loc0_ALL_bfactor_t45_polyala_UNMOD,45,PHASER,131,7.4,0.5117,0.5352,0.182,0.295
T1058,3.074,T1058TS427_1.pdb,loc0_ALL_bfactor_t35_polyala_UNMOD,35,PHASER,114,7.2,0.5111,0.5397,0.175,0.291
T1058,3.074,T1058TS427_1.pdb,loc0_ALL_bfactor_t40_polyala_UNMOD,40,PHASER,122,6.7,0.5306,0.5412,0.167,0.292
T1058,3.074,T1058TS427_1.pdb,loc0_ALL_bfactor_t25_polyala_UNMOD,25,PHASER,67,7.1,0.5267,0.5311,0.16,0.329
T1058,3.074,T1058TS427_1.pdb,loc0_ALL_bfactor_t30_polyala_UNMOD,30,PHASER,135,6.7,0.501,0.5285,0.136,0.221
T1058,3.074,T1058TS427_1.pdb,loc0_ALL_bfactor_t10_polyala_UNMOD,10,PHASER,36,7.7,0.5357,0.5528,0.009,0.026
T1058,3.074,T1058TS427_1.pdb,loc0_ALL_bfactor_t15_polyala_UNMOD,15,PHASER,111,7.4,0.5155,0.5379,0.007,0.017
T1058,3.074,T1058TS427_1.pdb,loc0_ALL_bfactor_t5_polyala_UNMOD,5,PHASER,77,7.3,0.5379,0.5393,0.003,0.023
T1058,3.074,T1058TS427_1.pdb,loc0_ALL_bfactor_t20_polyala_UNMOD,20,PHASER,57,7.8,0.5273,0.5368,0.002,0.006
T1064,2.04,T1064TS427_1.pdb,loc0_ALL_bfactor_t76_polyala_UNMOD,76,PHASER,244,6.5,0.4618,0.4856,0.546,0.648
T1064,2.04,T1064TS427_1.pdb,loc0_ALL_bfactor_t91_polyala_UNMOD,91,PHASER,213,5,0.462,0.4923,0.543,0.618
T1064,2.04,T1064TS427_1.pdb,loc0_ALL_bfactor_t86_polyala_UNMOD,86,PHASER,222,5.9,0.4631,0.4956,0.54,0.617
T1064,2.04,T1064TS427_1.pdb,loc0_ALL_bfactor_t72_polyala_UNMOD,72,PHASER,233,6.2,0.4636,0.4799,0.535,0.632
T1064,2.04,T1064TS427_1.pdb,loc0_ALL_bfactor_t95_polyala_UNMOD,95,PHASER,205,5,0.4647,0.4914,0.532,0.611
T1064,2.04,T1064TS427_1.pdb,loc0_ALL_bfactor_t100_polyala_UNMOD,100,PHASER,196,3.9,0.4696,0.5024,0.52,0.6
T1064,2.04,T1064TS427_1.pdb,loc0_ALL_bfactor_t62_polyala_UNMOD,62,PHASER,214,5.9,0.475,0.5107,0.473,0.6
T1064,2.04,T1064TS427_1.pdb,loc0_ALL_bfactor_t53_polyala_UNMOD,53,PHASER,199,7,0.4849,0.5275,0.431,0.582
T1064,2.04,T1064TS427_1.pdb,loc0_ALL_bfactor_t81_polyala_UNMOD,81,PHASER,64,6.3,0.5114,0.5393,0.266,0.386
T1064,2.04,T1064TS427_1.pdb,loc0_ALL_bfactor_t67_polyala_UNMOD,67,PHASER,67,6.4,0.5142,0.5315,0.265,0.424
T1064,2.04,T1064TS427_1.pdb,loc0_ALL_bfactor_t58_polyala_UNMOD,58,PHASER,77,7,0.5086,0.5453,0.253,0.397
T1064,2.04,T1064TS427_1.pdb,loc0_ALL_bfactor_t48_polyala_UNMOD,48,PHASER,65,6.7,0.5141,0.5494,0.248,0.381
T1064,2.04,T1064TS427_1.pdb,loc0_ALL_bfactor_t34_polyala_UNMOD,34,PHASER,38,6.8,0.5343,0.5543,0.242,0.574
T1064,2.04,T1064TS427_1.pdb,loc0_ALL_bfactor_t43_polyala_UNMOD,43,PHASER,68,7.1,0.5274,0.5507,0.208,0.373
T1064,2.04,T1064TS427_1.pdb,loc0_ALL_bfactor_t10_polyala_UNMOD,10,PHASER,107,7.3,0.5376,0.5484,0.025,0.055
T1064,2.04,T1064TS427_1.pdb,loc0_ALL_bfactor_t20_polyala_UNMOD,20,PHASER,101,7.3,0.5341,0.5372,0.007,0.018
T1064,2.04,T1064TS427_1.pdb,loc0_ALL_bfactor_t25_polyala_UNMOD,25,PHASER,93,7.1,0.5306,0.5385,0.006,0.011
T1064,2.04,T1064TS427_1.pdb,loc0_ALL_bfactor_t15_polyala_UNMOD,15,PHASER,104,7.1,0.5377,0.5412,0.003,0.006
T1064,2.04,T1064TS427_1.pdb,loc0_ALL_bfactor_t39_polyala_UNMOD,39,PHASER,62,8,0.5249,0.5516,0.003,0.009
T1064,2.04,T1064TS427_1.pdb,loc0_ALL_bfactor_t6_polyala_UNMOD,6,PHASER,126,7.4,0.5535,0.5473,-0.001,-0.006
T1064,2.04,T1064TS427_1.pdb,loc0_ALL_bfactor_t29_polyala_UNMOD,29,PHASER,63,6.8,0.5312,0.5416,-0.006,-0.02
T1065,1.59,T1065s2TS427_1.pdb,loc0_ALL_bfactor_t100_polyala_UNMOD,100,PHASER,118,12.8,0.5067,0.5239,0.458,0.781
T1065,1.59,T1065s2TS427_1.pdb,loc0_ALL_bfactor_t90_polyala_UNMOD,90,PHASER,380,6.4,0.5042,0.5239,0.449,0.618
T1065,1.59,T1065s2TS427_1.pdb,loc0_ALL_bfactor_t95_polyala_UNMOD,95,PHASER,435,6.1,0.5136,0.5342,0.437,0.593
T1065,1.59,T1065s2TS427_1.pdb,loc0_ALL_bfactor_t80_polyala_UNMOD,80,PHASER,140,13.7,0.5172,0.5373,0.427,0.783
T1065,1.59,T1065s2TS427_1.pdb,loc0_ALL_bfactor_t74_polyala_UNMOD,74,PHASER,147,14.8,0.5204,0.5369,0.417,0.787
T1065,1.59,T1065s2TS427_1.pdb,loc0_ALL_bfactor_t85_polyala_UNMOD,85,PHASER,408,5.9,0.5142,0.5305,0.414,0.599
T1065,1.59,T1065s2TS427_1.pdb,loc0_ALL_bfactor_t69_polyala_UNMOD,69,PHASER,144,14.1,0.5241,0.5375,0.399,0.77
T1065,1.59,T1065s2TS427_1.pdb,loc0_ALL_bfactor_t64_polyala_UNMOD,64,PHASER,337,6.4,0.5239,0.5286,0.36,0.656
T1065,1.59,T1065s2TS427_1.pdb,loc0_ALL_bfactor_t54_polyala_UNMOD,54,PHASER,172,15,0.5347,0.5347,0.355,0.766
T1065,1.59,T1065s2TS427_1.pdb,loc0_ALL_bfactor_t49_polyala_UNMOD,49,PHASER,241,7.8,0.5254,0.5202,0.353,0.599
T1065,1.59,T1065s2TS427_1.pdb,loc0_ALL_bfactor_t59_polyala_UNMOD,59,PHASER,328,7.6,0.5241,0.5294,0.353,0.527
T1065,1.59,T1065s2TS427_1.pdb,loc0_ALL_bfactor_t39_polyala_UNMOD,39,PHASER,180,6.7,0.5403,0.5443,0.311,0.658
T1065,1.59,T1065s2TS427_1.pdb,loc0_ALL_bfactor_t44_polyala_UNMOD,44,PHASER,213,7.1,0.5352,0.5388,0.303,0.534
T1065,1.59,T1065s2TS427_1.pdb,loc0_ALL_bfactor_t34_polyala_UNMOD,34,PHASER,139,6.6,0.5424,0.5596,0.25,0.548
T1065,1.59,T1065s2TS427_1.pdb,loc0_ALL_bfactor_t29_polyala_UNMOD,29,PHASER,136,8.1,0.5477,0.5607,0.245,0.546
T1065,1.59,T1065s2TS427_1.pdb,loc0_ALL_bfactor_t23_polyala_UNMOD,23,PHASER,71,9.8,0.5565,0.5535,0.212,0.629
T1065,1.59,T1065s2TS427_1.pdb,loc0_ALL_bfactor_t18_polyala_UNMOD,18,PHASER,72,6.7,0.5521,0.5768,0.176,0.441
T1065,1.59,T1065s2TS427_1.pdb,loc0_ALL_bfactor_t8_polyala_UNMOD,8,PHASER,34,5.7,0.5639,0.5752,0.024,0.107
T1065,1.59,T1065s2TS427_1.pdb,loc0_ALL_bfactor_t3_polyala_UNMOD,3,PHASER,65,7.6,0.5683,0.564,0.02,0.085
T1065,1.59,T1065s2TS427_1.pdb,loc0_ALL_bfactor_t13_polyala_UNMOD,13,PHASER,66,7.5,0.5521,0.5658,0.009,0.027
T1065,1.59,T1065s1TS427_1.pdb,loc0_ALL_bfactor_t100_polyala_UNMOD,100,PHASER,303,5.3,0.495,0.5043,0.488,0.604
T1065,1.59,T1065s1TS427_1.pdb,loc0_ALL_bfactor_t86_polyala_UNMOD,86,PHASER,321,6.4,0.5002,0.5111,0.486,0.607
T1065,1.59,T1065s1TS427_1.pdb,loc0_ALL_bfactor_t95_polyala_UNMOD,95,PHASER,310,5.8,0.4982,0.5182,0.48,0.591
T1065,1.59,T1065s1TS427_1.pdb,loc0_ALL_bfactor_t91_polyala_UNMOD,91,PHASER,312,5,0.5037,0.5262,0.465,0.575
T1065,1.59,T1065s1TS427_1.pdb,loc0_ALL_bfactor_t81_polyala_UNMOD,81,PHASER,300,5.6,0.5044,0.5101,0.463,0.592
T1065,1.59,T1065s1TS427_1.pdb,loc0_ALL_bfactor_t72_polyala_UNMOD,72,PHASER,123,12.7,0.508,0.5164,0.449,0.785
T1065,1.59,T1065s1TS427_1.pdb,loc0_ALL_bfactor_t76_polyala_UNMOD,76,PHASER,293,6.5,0.5045,0.521,0.449,0.601
T1065,1.59,T1065s1TS427_1.pdb,loc0_ALL_bfactor_t62_polyala_UNMOD,62,PHASER,132,12.6,0.5155,0.5269,0.422,0.782
T1065,1.59,T1065s1TS427_1.pdb,loc0_ALL_bfactor_t67_polyala_UNMOD,67,PHASER,265,5.8,0.5164,0.5245,0.419,0.685
T1065,1.59,T1065s1TS427_1.pdb,loc0_ALL_bfactor_t57_polyala_UNMOD,57,PHASER,120,12,0.5199,0.5258,0.41,0.773
T1065,1.59,T1065s1TS427_1.pdb,loc0_ALL_bfactor_t48_polyala_UNMOD,48,PHASER,245,7,0.517,0.5304,0.408,0.653
T1065,1.59,T1065s1TS427_1.pdb,loc0_ALL_bfactor_t53_polyala_UNMOD,53,PHASER,119,11.7,0.5208,0.5333,0.396,0.768
T1065,1.59,T1065s1TS427_1.pdb,loc0_ALL_bfactor_t43_polyala_UNMOD,43,PHASER,119,12.3,0.5284,0.5425,0.362,0.748
T1065,1.59,T1065s1TS427_1.pdb,loc0_ALL_bfactor_t34_polyala_UNMOD,34,PHASER,149,7.1,0.531,0.5323,0.331,0.6
T1065,1.59,T1065s1TS427_1.pdb,loc0_ALL_bfactor_t39_polyala_UNMOD,39,PHASER,168,6.2,0.5274,0.5414,0.315,0.532
T1065,1.59,T1065s1TS427_1.pdb,loc0_ALL_bfactor_t29_polyala_UNMOD,29,PHASER,154,7.5,0.5382,0.5369,0.284,0.505
T1065,1.59,T1065s1TS427_1.pdb,loc0_ALL_bfactor_t24_polyala_UNMOD,24,PHASER,127,7.4,0.543,0.546,0.258,0.488
T1065,1.59,T1065s1TS427_1.pdb,loc0_ALL_bfactor_t20_polyala_UNMOD,20,PHASER,88,6.5,0.5482,0.5628,0.207,0.52
T1065,1.59,T1065s1TS427_1.pdb,loc0_ALL_bfactor_t15_polyala_UNMOD,15,PHASER,41,6.9,0.5535,0.5602,0.206,0.646
T1065,1.59,T1065s1TS427_1.pdb,loc0_ALL_bfactor_t6_polyala_UNMOD,6,PHASER,65,7.8,0.5575,0.5572,0.026,0.089
T1065,1.59,T1065s1TS427_1.pdb,loc0_ALL_bfactor_t10_polyala_UNMOD,10,PHASER,64,7.5,0.5521,0.5628,0.011,0.044
T1067,1.44,T1067TS427_1.pdb,loc0_ALL_bfactor_t75_polyala_UNMOD,75,PHASER,1574,46.3,0.4319,0.447,0.635,0.769
T1067,1.44,T1067TS427_1.pdb,loc0_ALL_bfactor_t80_polyala_UNMOD,80,PHASER,1541,47.5,0.4342,0.4507,0.632,0.76
T1067,1.44,T1067TS427_1.pdb,loc0_ALL_bfactor_t70_polyala_UNMOD,70,PHASER,1599,50.2,0.4314,0.4556,0.631,0.77
T1067,1.44,T1067TS427_1.pdb,loc0_ALL_bfactor_t85_polyala_UNMOD,85,PHASER,1511,46.5,0.438,0.4603,0.628,0.749
T1067,1.44,T1067TS427_1.pdb,loc0_ALL_bfactor_t66_polyala_UNMOD,66,PHASER,1615,53,0.4349,0.4598,0.622,0.773
T1067,1.44,T1067TS427_1.pdb,loc0_ALL_bfactor_t100_polyala_UNMOD,100,PHASER,1419,43.1,0.446,0.472,0.617,0.728
T1067,1.44,T1067TS427_1.pdb,loc0_ALL_bfactor_t95_polyala_UNMOD,95,PHASER,1447,43.5,0.446,0.474,0.617,0.73
T1067,1.44,T1067TS427_1.pdb,loc0_ALL_bfactor_t61_polyala_UNMOD,61,PHASER,1611,49.9,0.4438,0.4606,0.608,0.773
T1067,1.44,T1067TS427_1.pdb,loc0_ALL_bfactor_t90_polyala_UNMOD,90,PHASER,1479,43.5,0.4499,0.4717,0.592,0.707
T1067,1.44,T1067TS427_1.pdb,loc0_ALL_bfactor_t56_polyala_UNMOD,56,PHASER,1538,49.8,0.4534,0.4593,0.58,0.755
T1067,1.44,T1067TS427_1.pdb,loc0_ALL_bfactor_t51_polyala_UNMOD,51,PHASER,1495,49,0.4622,0.466,0.562,0.754
T1067,1.44,T1067TS427_1.pdb,loc0_ALL_bfactor_t46_polyala_UNMOD,46,PHASER,1430,45,0.4711,0.4797,0.528,0.736
T1067,1.44,T1067TS427_1.pdb,loc0_ALL_bfactor_t41_polyala_UNMOD,41,PHASER,1297,45,0.4834,0.4908,0.498,0.731
T1067,1.44,T1067TS427_1.pdb,loc0_ALL_bfactor_t36_polyala_UNMOD,36,PHASER,1165,43.4,0.4911,0.4937,0.469,0.722
T1067,1.44,T1067TS427_1.pdb,loc0_ALL_bfactor_t31_polyala_UNMOD,31,PHASER,1120,41.2,0.502,0.5124,0.439,0.724
T1067,1.44,T1067TS427_1.pdb,loc0_ALL_bfactor_t26_polyala_UNMOD,26,PHASER,955,38.2,0.5142,0.5303,0.407,0.713
T1067,1.44,T1067TS427_1.pdb,loc0_ALL_bfactor_t21_polyala_UNMOD,21,PHASER,763,34.8,0.5207,0.5321,0.366,0.684
T1067,1.44,T1067TS427_1.pdb,loc0_ALL_bfactor_t16_polyala_UNMOD,16,PHASER,530,29.1,0.5265,0.552,0.325,0.68
T1067,1.44,T1067TS427_1.pdb,loc0_ALL_bfactor_t11_polyala_UNMOD,11,PHASER,308,22.7,0.5425,0.5595,0.274,0.685
T1067,1.44,T1067TS427_1.pdb,loc0_ALL_bfactor_t6_polyala_UNMOD,6,PHASER,104,12.5,0.5509,0.5993,0.202,0.637
T1067,1.44,T1067TS427_1.pdb,loc0_ALL_bfactor_t2_polyala_UNMOD,2,PHASER,43,6.4,0.5658,0.5777,0,0.004
T1070,2.5,T1070TS427_1.pdb,loc0_ALL_bfactor_t54_polyala_UNMOD,54,PHASER,286,17.1,0.4471,0.4646,0.449,0.655
T1070,2.5,T1070TS427_1.pdb,loc0_ALL_bfactor_t39_polyala_UNMOD,39,PHASER,400,18.7,0.4537,0.463,0.446,0.699
T1070,2.5,T1070TS427_1.pdb,loc0_ALL_bfactor_t49_polyala_UNMOD,49,PHASER,288,16.6,0.4508,0.4633,0.441,0.66
T1070,2.5,T1070TS427_1.pdb,loc0_ALL_bfactor_t29_polyala_UNMOD,29,PHASER,435,19.1,0.463,0.467,0.439,0.751
T1070,2.5,T1070TS427_1.pdb,loc0_ALL_bfactor_t44_polyala_UNMOD,44,PHASER,341,16.4,0.4548,0.4658,0.439,0.679
T1070,2.5,T1070TS427_1.pdb,loc0_ALL_bfactor_t34_polyala_UNMOD,34,PHASER,386,18,0.4593,0.4599,0.436,0.704
T1070,2.5,T1070TS427_1.pdb,loc0_ALL_bfactor_t59_polyala_UNMOD,59,PHASER,241,15.7,0.4418,0.4686,0.432,0.619
T1070,2.5,T1070TS427_1.pdb,loc0_ALL_bfactor_t24_polyala_UNMOD,24,PHASER,348,18.1,0.4785,0.4847,0.404,0.737
T1070,2.5,T1070TS427_1.pdb,loc0_ALL_bfactor_t19_polyala_UNMOD,19,PHASER,245,13.8,0.4888,0.4933,0.355,0.696
T1070,2.5,T1070TS427_1.pdb,loc0_ALL_bfactor_t70_polyala_UNMOD,70,PHASER,98,9.8,0.474,0.5097,0.302,0.564
T1070,2.5,T1070TS427_1.pdb,loc0_ALL_bfactor_t75_polyala_UNMOD,75,PHASER,92,9.7,0.4688,0.503,0.297,0.547
T1070,2.5,T1070TS427_1.pdb,loc0_ALL_bfactor_t64_polyala_UNMOD,64,PHASER,57,7.7,0.4749,0.5113,0.279,0.542
T1070,2.5,T1070TS427_1.pdb,loc0_ALL_bfactor_t80_polyala_UNMOD,80,PHASER,30,4,0.484,0.5217,0.032,0.055
T1070,2.5,T1070TS427_1.pdb,loc0_ALL_bfactor_t90_polyala_UNMOD,90,PHASER,34,3.9,0.4748,0.5152,0.028,0.045
T1070,2.5,T1070TS427_1.pdb,loc0_ALL_bfactor_t95_polyala_UNMOD,95,PHASER,31,3.2,0.4845,0.5261,0.023,0.044
T1070,2.5,T1070TS427_1.pdb,loc0_ALL_bfactor_t85_polyala_UNMOD,85,PHASER,38,3.5,0.4822,0.5279,0.017,0.036
T1070,2.5,T1070TS427_1.pdb,loc0_ALL_bfactor_t100_polyala_UNMOD,100,PHASER,32,3.6,0.4724,0.5207,0.014,0.019
T1070,2.5,T1070TS427_1.pdb,loc0_ALL_bfactor_t9_polyala_UNMOD,9,PHASER,None,None,None,None,None,None
T1070,2.5,T1070TS427_1.pdb,loc0_ALL_bfactor_t14_polyala_UNMOD,14,PHASER,None,None,None,None,None,None
T1070,2.5,T1070TS427_1.pdb,loc0_ALL_bfactor_t4_polyala_UNMOD,4,PHASER,None,None,None,None,None,None
T1073,1.865,T1073TS427_1-D1.pdb,loc0_ALL_bfactor_t90_polyala_UNMOD,90,PHASER,803,7.5,0.4619,0.4582,0.584,0.709
T1073,1.865,T1073TS427_1-D1.pdb,loc0_ALL_bfactor_t95_polyala_UNMOD,95,PHASER,785,8.1,0.4577,0.4504,0.579,0.704
T1073,1.865,T1073TS427_1-D1.pdb,loc0_ALL_bfactor_t80_polyala_UNMOD,80,PHASER,816,8.3,0.4621,0.4546,0.574,0.724
T1073,1.865,T1073TS427_1-D1.pdb,loc0_ALL_bfactor_t100_polyala_UNMOD,100,PHASER,726,20.6,0.4684,0.4467,0.565,0.691
T1073,1.865,T1073TS427_1-D1.pdb,loc0_ALL_bfactor_t59_polyala_UNMOD,59,PHASER,765,8.9,0.4784,0.4644,0.532,0.733
T1073,1.865,T1073TS427_1-D1.pdb,loc0_ALL_bfactor_t64_polyala_UNMOD,64,PHASER,682,8.1,0.4811,0.4614,0.532,0.716
T1073,1.865,T1073TS427_1-D1.pdb,loc0_ALL_bfactor_t54_polyala_UNMOD,54,PHASER,776,10.3,0.4885,0.4696,0.509,0.716
T1073,1.865,T1073TS427_1-D1.pdb,loc0_ALL_bfactor_t69_polyala_UNMOD,69,PHASER,574,8.7,0.503,0.5066,0.494,0.69
T1073,1.865,T1073TS427_1-D1.pdb,loc0_ALL_bfactor_t49_polyala_UNMOD,49,PHASER,771,9.7,0.4971,0.4798,0.492,0.715
T1073,1.865,T1073TS427_1-D1.pdb,loc0_ALL_bfactor_t75_polyala_UNMOD,75,PHASER,584,7.5,0.5045,0.5037,0.489,0.649
T1073,1.865,T1073TS427_1-D1.pdb,loc0_ALL_bfactor_t85_polyala_UNMOD,85,PHASER,532,4.5,0.5095,0.5098,0.47,0.597
T1073,1.865,T1073TS427_1-D1.pdb,loc0_ALL_bfactor_t44_polyala_UNMOD,44,PHASER,655,7.6,0.5104,0.5109,0.453,0.698
T1073,1.865,T1073TS427_1-D1.pdb,loc0_ALL_bfactor_t39_polyala_UNMOD,39,PHASER,614,10.8,0.5198,0.5085,0.435,0.72
T1073,1.865,T1073TS427_1-D1.pdb,loc0_ALL_bfactor_t34_polyala_UNMOD,34,PHASER,514,10.9,0.5351,0.5138,0.4,0.697
T1073,1.865,T1073TS427_1-D1.pdb,loc0_ALL_bfactor_t19_polyala_UNMOD,19,PHASER,190,6.8,0.577,0.5801,0.017,0.071
T1073,1.865,T1073TS427_1-D1.pdb,loc0_ALL_bfactor_t29_polyala_UNMOD,29,PHASER,185,7.3,0.5754,0.5787,0.009,0.024
T1073,1.865,T1073TS427_1-D1.pdb,loc0_ALL_bfactor_t8_polyala_UNMOD,8,PHASER,116,7.4,0.5831,0.6048,0.004,0.026
T1073,1.865,T1073TS427_1-D1.pdb,loc0_ALL_bfactor_t14_polyala_UNMOD,14,PHASER,250,7.2,0.5892,0.5891,0.002,0.009
T1073,1.865,T1073TS427_1-D1.pdb,loc0_ALL_bfactor_t24_polyala_UNMOD,24,PHASER,203,7.1,0.5701,0.5779,0.002,0.005
T1074,1.5,T1074TS427_1.pdb,loc0_ALL_bfactor_t60_polyala_UNMOD,60,PHASER,580,22.3,0.4526,0.4618,0.613,0.75
T1074,1.5,T1074TS427_1.pdb,loc0_ALL_bfactor_t65_polyala_UNMOD,65,PHASER,571,21,0.453,0.4621,0.61,0.736
T1074,1.5,T1074TS427_1.pdb,loc0_ALL_bfactor_t55_polyala_UNMOD,55,PHASER,579,22.3,0.455,0.4569,0.608,0.756
T1074,1.5,T1074TS427_1.pdb,loc0_ALL_bfactor_t85_polyala_UNMOD,85,PHASER,563,21.2,0.4582,0.4607,0.605,0.709
T1074,1.5,T1074TS427_1.pdb,loc0_ALL_bfactor_t90_polyala_UNMOD,90,PHASER,566,21.4,0.4581,0.4601,0.605,0.702
T1074,1.5,T1074TS427_1.pdb,loc0_ALL_bfactor_t100_polyala_UNMOD,100,PHASER,568,22.7,0.4586,0.4614,0.604,0.693
T1074,1.5,T1074TS427_1.pdb,loc0_ALL_bfactor_t70_polyala_UNMOD,70,PHASER,564,22,0.4587,0.4613,0.604,0.725
T1074,1.5,T1074TS427_1.pdb,loc0_ALL_bfactor_t80_polyala_UNMOD,80,PHASER,561,20.7,0.4586,0.4614,0.604,0.714
T1074,1.5,T1074TS427_1.pdb,loc0_ALL_bfactor_t95_polyala_UNMOD,95,PHASER,566,22.1,0.4587,0.4608,0.604,0.696
T1074,1.5,T1074TS427_1.pdb,loc0_ALL_bfactor_t50_polyala_UNMOD,50,PHASER,588,23,0.4555,0.4451,0.601,0.756
T1074,1.5,T1074TS427_1.pdb,loc0_ALL_bfactor_t75_polyala_UNMOD,75,PHASER,563,21.8,0.4638,0.4686,0.597,0.714
T1074,1.5,T1074TS427_1.pdb,loc0_ALL_bfactor_t46_polyala_UNMOD,46,PHASER,567,23.2,0.4652,0.4546,0.573,0.747
T1074,1.5,T1074TS427_1.pdb,loc0_ALL_bfactor_t41_polyala_UNMOD,41,PHASER,539,21,0.4729,0.4555,0.553,0.738
T1074,1.5,T1074TS427_1.pdb,loc0_ALL_bfactor_t36_polyala_UNMOD,36,PHASER,490,20.5,0.4845,0.4738,0.521,0.733
T1074,1.5,T1074TS427_1.pdb,loc0_ALL_bfactor_t31_polyala_UNMOD,31,PHASER,432,18.4,0.4976,0.4972,0.484,0.727
T1074,1.5,T1074TS427_1.pdb,loc0_ALL_bfactor_t26_polyala_UNMOD,26,PHASER,379,17.5,0.5068,0.5079,0.455,0.725
T1074,1.5,T1074TS427_1.pdb,loc0_ALL_bfactor_t21_polyala_UNMOD,21,PHASER,319,15.3,0.5209,0.5191,0.41,0.708
T1074,1.5,T1074TS427_1.pdb,loc0_ALL_bfactor_t16_polyala_UNMOD,16,PHASER,257,12.7,0.5321,0.533,0.363,0.707
T1074,1.5,T1074TS427_1.pdb,loc0_ALL_bfactor_t11_polyala_UNMOD,11,PHASER,191,10.8,0.5537,0.5478,0.297,0.71
T1074,1.5,T1074TS427_1.pdb,loc0_ALL_bfactor_t6_polyala_UNMOD,6,PHASER,87,6.3,0.556,0.5704,0.217,0.649
T1079,3.199,T1079TS427_1.pdb,loc0_ALL_bfactor_t100_polyala_UNMOD,100,PHASER,1194,5.7,0.3687,0.4238,0.653,0.742
T1079,3.199,T1079TS427_1.pdb,loc0_ALL_bfactor_t95_polyala_UNMOD,95,PHASER,1215,6.1,0.371,0.4331,0.647,0.74
T1079,3.199,T1079TS427_1.pdb,loc0_ALL_bfactor_t90_polyala_UNMOD,90,PHASER,1303,5.6,0.3749,0.4461,0.635,0.734
T1079,3.199,T1079TS427_1.pdb,loc0_ALL_bfactor_t85_polyala_UNMOD,85,PHASER,1359,6.1,0.3886,0.4491,0.617,0.723
T1079,3.199,T1079TS427_1.pdb,loc0_ALL_bfactor_t80_polyala_UNMOD,80,PHASER,1365,5.9,0.3973,0.4557,0.598,0.71
T1079,3.199,T1079TS427_1.pdb,loc0_ALL_bfactor_t75_polyala_UNMOD,75,PHASER,1167,6.5,0.4033,0.462,0.577,0.698
T1079,3.199,T1079TS427_1.pdb,loc0_ALL_bfactor_t70_polyala_UNMOD,70,PHASER,1080,6.5,0.4122,0.4742,0.555,0.69
T1079,3.199,T1079TS427_1.pdb,loc0_ALL_bfactor_t65_polyala_UNMOD,65,PHASER,1100,6.4,0.4243,0.4716,0.528,0.677
T1079,3.199,T1079TS427_1.pdb,loc0_ALL_bfactor_t60_polyala_UNMOD,60,PHASER,932,6.2,0.4357,0.4976,0.509,0.665
T1079,3.199,T1079TS427_1.pdb,loc0_ALL_bfactor_t55_polyala_UNMOD,55,PHASER,843,6.7,0.4436,0.497,0.482,0.649
T1079,3.199,T1079TS427_1.pdb,loc0_ALL_bfactor_t50_polyala_UNMOD,50,PHASER,715,18.4,0.455,0.5097,0.474,0.676
T1079,3.199,T1079TS427_1.pdb,loc0_ALL_bfactor_t46_polyala_UNMOD,46,PHASER,722,6.5,0.4655,0.5138,0.427,0.614
T1079,3.199,T1079TS427_1.pdb,loc0_ALL_bfactor_t41_polyala_UNMOD,41,PHASER,598,6.6,0.4701,0.529,0.405,0.603
T1079,3.199,T1079TS427_1.pdb,loc0_ALL_bfactor_t36_polyala_UNMOD,36,PHASER,527,7,0.4778,0.5289,0.37,0.571
T1079,3.199,T1079TS427_1.pdb,loc0_ALL_bfactor_t31_polyala_UNMOD,31,PHASER,473,7.2,0.4884,0.5331,0.338,0.544
T1079,3.199,T1079TS427_1.pdb,loc0_ALL_bfactor_t26_polyala_UNMOD,26,PHASER,361,12.2,0.5043,0.5415,0.33,0.598
T1079,3.199,T1079TS427_1.pdb,loc0_ALL_bfactor_t21_polyala_UNMOD,21,PHASER,191,10.1,0.5272,0.5436,0.235,0.51
T1079,3.199,T1079TS427_1.pdb,loc0_ALL_bfactor_t6_polyala_UNMOD,6,PHASER,21,7.2,0.5623,0.563,0.004,0.04
T1079,3.199,T1079TS427_1.pdb,loc0_ALL_bfactor_t1_polyala_UNMOD,1,PHASER,15,14.5,0.5873,0.599,0.003,0.061
T1079,3.199,T1079TS427_1.pdb,loc0_ALL_bfactor_t11_polyala_UNMOD,11,PHASER,33,7.5,0.5636,0.5758,0.003,0.028
T1079,3.199,T1079TS427_1.pdb,loc0_ALL_bfactor_t16_polyala_UNMOD,16,PHASER,73,6.9,0.5543,0.5802,0.003,0.011
T1080,2.189,T1080TS427_1-D1.pdb,loc0_ALL_bfactor_t95_polyala_UNMOD,95,PHASER,1039,5.9,0.4231,0.4432,0.657,0.759
T1080,2.189,T1080TS427_1-D1.pdb,loc0_ALL_bfactor_t79_polyala_UNMOD,79,PHASER,676,14.9,0.4389,0.4485,0.624,0.785
T1080,2.189,T1080TS427_1-D1.pdb,loc0_ALL_bfactor_t89_polyala_UNMOD,89,PHASER,1064,10.3,0.4496,0.4591,0.578,0.683
T1080,2.189,T1080TS427_1-D1.pdb,loc0_ALL_bfactor_t84_polyala_UNMOD,84,PHASER,1016,9.7,0.452,0.4712,0.571,0.689
T1080,2.189,T1080TS427_1-D1.pdb,loc0_ALL_bfactor_t63_polyala_UNMOD,63,PHASER,847,13.4,0.4658,0.4783,0.567,0.779
T1080,2.189,T1080TS427_1-D1.pdb,loc0_ALL_bfactor_t58_polyala_UNMOD,58,PHASER,807,9.6,0.47,0.4837,0.543,0.729
T1080,2.189,T1080TS427_1-D1.pdb,loc0_ALL_bfactor_t53_polyala_UNMOD,53,PHASER,820,9.9,0.4771,0.4926,0.519,0.723
T1080,2.189,T1080TS427_1-D1.pdb,loc0_ALL_bfactor_t68_polyala_UNMOD,68,PHASER,946,9.8,0.4699,0.483,0.513,0.665
T1080,2.189,T1080TS427_1-D1.pdb,loc0_ALL_bfactor_t74_polyala_UNMOD,74,PHASER,906,10,0.4719,0.4903,0.511,0.646
T1080,2.189,T1080TS427_1-D1.pdb,loc0_ALL_bfactor_t47_polyala_UNMOD,47,PHASER,872,13.4,0.4842,0.511,0.492,0.711
T1080,2.189,T1080TS427_1-D1.pdb,loc0_ALL_bfactor_t100_polyala_UNMOD,100,PHASER,462,15.2,0.5179,0.5172,0.423,0.669
T1080,2.189,T1080TS427_1-D1.pdb,loc0_ALL_bfactor_t37_polyala_UNMOD,37,PHASER,163,9.2,0.5533,0.5619,0.168,0.498
T1080,2.189,T1080TS427_1-D1.pdb,loc0_ALL_bfactor_t32_polyala_UNMOD,32,PHASER,171,8.2,0.5573,0.5588,0.138,0.43
T1080,2.189,T1080TS427_1-D1.pdb,loc0_ALL_bfactor_t26_polyala_UNMOD,26,PHASER,580,6.8,0.5322,0.5483,0.054,0.119
T1080,2.189,T1080TS427_1-D1.pdb,loc0_ALL_bfactor_t16_polyala_UNMOD,16,PHASER,338,10.1,0.5674,0.5829,0.029,0.095
T1080,2.189,T1080TS427_1-D1.pdb,loc0_ALL_bfactor_t42_polyala_UNMOD,42,PHASER,171,4.6,0.5572,0.5517,0.027,0.095
T1080,2.189,T1080TS427_1-D1.pdb,loc0_ALL_bfactor_t11_polyala_UNMOD,11,PHASER,334,8.5,0.5552,0.5428,0.026,0.128
T1080,2.189,T1080TS427_1-D1.pdb,loc0_ALL_bfactor_t21_polyala_UNMOD,21,PHASER,520,6.3,0.5433,0.5657,0.025,0.063
T1080,2.189,T1080TS427_1-D1.pdb,loc0_ALL_bfactor_t5_polyala_UNMOD,5,PHASER,289,8.4,0.5546,0.5585,0.015,0.06
T1082,1.601,T1082TS427_1.pdb,loc0_ALL_bfactor_t100_polyala_UNMOD,100,PHASER,484,20.6,0.4415,0.4591,0.586,0.689
T1082,1.601,T1082TS427_1.pdb,loc0_ALL_bfactor_t74_polyala_UNMOD,74,PHASER,462,20.3,0.4398,0.4599,0.586,0.728
T1082,1.601,T1082TS427_1.pdb,loc0_ALL_bfactor_t79_polyala_UNMOD,79,PHASER,481,20.1,0.4415,0.4599,0.586,0.718
T1082,1.601,T1082TS427_1.pdb,loc0_ALL_bfactor_t85_polyala_UNMOD,85,PHASER,482,21.1,0.4417,0.4598,0.586,0.711
T1082,1.601,T1082TS427_1.pdb,loc0_ALL_bfactor_t90_polyala_UNMOD,90,PHASER,482,19.8,0.4414,0.4597,0.586,0.703
T1082,1.601,T1082TS427_1.pdb,loc0_ALL_bfactor_t95_polyala_UNMOD,95,PHASER,485,21.9,0.4415,0.4597,0.586,0.698
T1082,1.601,T1082TS427_1.pdb,loc0_ALL_bfactor_t69_polyala_UNMOD,69,PHASER,450,19.1,0.448,0.4559,0.57,0.731
T1082,1.601,T1082TS427_1.pdb,loc0_ALL_bfactor_t64_polyala_UNMOD,64,PHASER,399,18.8,0.4557,0.4627,0.547,0.717
T1082,1.601,T1082TS427_1.pdb,loc0_ALL_bfactor_t59_polyala_UNMOD,59,PHASER,337,16.7,0.4631,0.4691,0.524,0.705
T1082,1.601,T1082TS427_1.pdb,loc0_ALL_bfactor_t48_polyala_UNMOD,48,PHASER,316,16.9,0.4764,0.4767,0.473,0.674
T1082,1.601,T1082TS427_1.pdb,loc0_ALL_bfactor_t54_polyala_UNMOD,54,PHASER,197,6.9,0.4887,0.4964,0.417,0.617
T1082,1.601,T1082TS427_1.pdb,loc0_ALL_bfactor_t33_polyala_UNMOD,33,PHASER,187,12.3,0.4994,0.5023,0.396,0.67
T1082,1.601,T1082TS427_1.pdb,loc0_ALL_bfactor_t43_polyala_UNMOD,43,PHASER,162,6.1,0.5078,0.5345,0.311,0.502
T1082,1.601,T1082TS427_1.pdb,loc0_ALL_bfactor_t38_polyala_UNMOD,38,PHASER,137,6.3,0.5146,0.5239,0.299,0.511
T1082,1.601,T1082TS427_1.pdb,loc0_ALL_bfactor_t28_polyala_UNMOD,28,PHASER,151,6.4,0.5207,0.5409,0.263,0.51
T1082,1.601,T1082TS427_1.pdb,loc0_ALL_bfactor_t23_polyala_UNMOD,23,PHASER,126,6.2,0.5239,0.5446,0.234,0.528
T1082,1.601,T1082TS427_1.pdb,loc0_ALL_bfactor_t7_polyala_UNMOD,7,PHASER,107,7.2,0.5421,0.5484,0.031,0.103
T1082,1.601,T1082TS427_1.pdb,loc0_ALL_bfactor_t12_polyala_UNMOD,12,PHASER,99,7,0.538,0.559,0.026,0.066
T1082,1.601,T1082TS427_1.pdb,loc0_ALL_bfactor_t18_polyala_UNMOD,18,PHASER,93,6.8,0.5351,0.5661,0.011,0.034
T1083,1.349,T1083TS427_1.pdb,loc0_ALL_bfactor_t69_polyala_UNMOD,69,PHASER,1827,28.7,0.4438,0.4526,0.603,0.785
T1083,1.349,T1083TS427_1.pdb,loc0_ALL_bfactor_t64_polyala_UNMOD,64,PHASER,1832,29.2,0.4462,0.4582,0.599,0.796
T1083,1.349,T1083TS427_1.pdb,loc0_ALL_bfactor_t90_polyala_UNMOD,90,PHASER,1670,25.9,0.4501,0.4596,0.589,0.72
T1083,1.349,T1083TS427_1.pdb,loc0_ALL_bfactor_t59_polyala_UNMOD,59,PHASER,1666,23.8,0.4543,0.4671,0.575,0.792
T1083,1.349,T1083TS427_1.pdb,loc0_ALL_bfactor_t54_polyala_UNMOD,54,PHASER,1786,23.2,0.4632,0.478,0.55,0.805
T1083,1.349,T1083TS427_1.pdb,loc0_ALL_bfactor_t49_polyala_UNMOD,49,PHASER,1492,22.3,0.4642,0.4735,0.538,0.787
T1083,1.349,T1083TS427_1.pdb,loc0_ALL_bfactor_t80_polyala_UNMOD,80,PHASER,774,20.2,0.4811,0.4835,0.511,0.74
T1083,1.349,T1083TS427_1.pdb,loc0_ALL_bfactor_t85_polyala_UNMOD,85,PHASER,708,19,0.4809,0.4803,0.511,0.73
T1083,1.349,T1083TS427_1.pdb,loc0_ALL_bfactor_t95_polyala_UNMOD,95,PHASER,633,17.1,0.4822,0.4759,0.508,0.712
T1083,1.349,T1083TS427_1.pdb,loc0_ALL_bfactor_t100_polyala_UNMOD,100,PHASER,616,16.5,0.485,0.4801,0.499,0.694
T1083,1.349,T1083TS427_1.pdb,loc0_ALL_bfactor_t74_polyala_UNMOD,74,PHASER,590,17.6,0.4866,0.5008,0.496,0.722
T1083,1.349,T1083TS427_1.pdb,loc0_ALL_bfactor_t44_polyala_UNMOD,44,PHASER,1354,23,0.4908,0.4951,0.485,0.753
T1083,1.349,T1083TS427_1.pdb,loc0_ALL_bfactor_t39_polyala_UNMOD,39,PHASER,1694,27.6,0.4854,0.4972,0.478,0.764
T1083,1.349,T1083TS427_1.pdb,loc0_ALL_bfactor_t34_polyala_UNMOD,34,PHASER,1710,25.7,0.4976,0.5059,0.445,0.772
T1083,1.349,T1083TS427_1.pdb,loc0_ALL_bfactor_t29_polyala_UNMOD,29,PHASER,1169,15.4,0.5091,0.5205,0.39,0.731
T1083,1.349,T1083TS427_1.pdb,loc0_ALL_bfactor_t23_polyala_UNMOD,23,PHASER,1163,19.9,0.5122,0.5222,0.379,0.725
T1083,1.349,T1083TS427_1.pdb,loc0_ALL_bfactor_t18_polyala_UNMOD,18,PHASER,730,13.8,0.5247,0.5208,0.321,0.714
T1083,1.349,T1083TS427_1.pdb,loc0_ALL_bfactor_t13_polyala_UNMOD,13,PHASER,456,11.4,0.5364,0.549,0.227,0.573
T1083,1.349,T1083TS427_1.pdb,loc0_ALL_bfactor_t3_polyala_UNMOD,3,PHASER,265,12,0.5549,0.5622,0.02,0.107
T1083,1.349,T1083TS427_1.pdb,loc0_ALL_bfactor_t8_polyala_UNMOD,8,PHASER,295,7.6,0.5455,0.5493,0.014,0.096
T1084,1.895,T1084TS427_1.pdb,loc0_ALL_bfactor_t89_polyala_UNMOD,89,PHASER,833,29.5,0.4283,0.4499,0.645,0.829
T1084,1.895,T1084TS427_1.pdb,loc0_ALL_bfactor_t95_polyala_UNMOD,95,PHASER,858,27.4,0.4267,0.4443,0.636,0.811
T1084,1.895,T1084TS427_1.pdb,loc0_ALL_bfactor_t100_polyala_UNMOD,100,PHASER,845,29.4,0.4277,0.4491,0.634,0.804
T1084,1.895,T1084TS427_1.pdb,loc0_ALL_bfactor_t84_polyala_UNMOD,84,PHASER,737,28,0.4466,0.4706,0.61,0.809
T1084,1.895,T1084TS427_1.pdb,loc0_ALL_bfactor_t78_polyala_UNMOD,78,PHASER,745,25.7,0.4491,0.4707,0.602,0.822
T1084,1.895,T1084TS427_1.pdb,loc0_ALL_bfactor_t73_polyala_UNMOD,73,PHASER,713,27.5,0.4574,0.4912,0.581,0.811
T1084,1.895,T1084TS427_1.pdb,loc0_ALL_bfactor_t67_polyala_UNMOD,67,PHASER,721,28.8,0.4612,0.4887,0.57,0.815
T1084,1.895,T1084TS427_1.pdb,loc0_ALL_bfactor_t62_polyala_UNMOD,62,PHASER,532,22.1,0.4766,0.4897,0.528,0.776
T1084,1.895,T1084TS427_1.pdb,loc0_ALL_bfactor_t56_polyala_UNMOD,56,PHASER,437,19.6,0.4812,0.5041,0.512,0.781
T1084,1.895,T1084TS427_1.pdb,loc0_ALL_bfactor_t29_polyala_UNMOD,29,PHASER,288,13.7,0.5168,0.5409,0.382,0.691
T1084,1.895,T1084TS427_1.pdb,loc0_ALL_bfactor_t34_polyala_UNMOD,34,PHASER,200,10.9,0.5241,0.5466,0.365,0.733
T1084,1.895,T1084TS427_1.pdb,loc0_ALL_bfactor_t23_polyala_UNMOD,23,PHASER,244,13.3,0.5254,0.5398,0.353,0.687
T1084,1.895,T1084TS427_1.pdb,loc0_ALL_bfactor_t51_polyala_UNMOD,51,PHASER,76,9.6,0.5456,0.5614,0.257,0.706
T1084,1.895,T1084TS427_1.pdb,loc0_ALL_bfactor_t45_polyala_UNMOD,45,PHASER,71,9.8,0.5468,0.5738,0.253,0.72
T1084,1.895,T1084TS427_1.pdb,loc0_ALL_bfactor_t40_polyala_UNMOD,40,PHASER,74,9.9,0.5489,0.5693,0.244,0.738
T1084,1.895,T1084TS427_1.pdb,loc0_ALL_bfactor_t12_polyala_UNMOD,12,PHASER,89,6.9,0.5551,0.5458,0.001,0.005
T1084,1.895,T1084TS427_1.pdb,loc0_ALL_bfactor_t18_polyala_UNMOD,18,PHASER,66,7.1,0.5548,0.5806,-0.002,-0.009
T1084,1.895,T1084TS427_1.pdb,loc0_ALL_bfactor_t7_polyala_UNMOD,7,PHASER,126,7.1,0.5548,0.5683,-0.005,-0.024
T1085,2.491,T1085TS427_1.pdb,loc0_ALL_bfactor_t85_polyala_UNMOD,85,PHASER,31,7.9,0.4062,0.4958,0.537,0.586
T1085,2.491,T1085TS427_1.pdb,loc0_ALL_bfactor_t75_polyala_UNMOD,75,PHASER,52,7.2,0.45,0.5131,0.478,0.547
T1085,2.491,T1085TS427_1.pdb,loc0_ALL_bfactor_t61_polyala_UNMOD,61,PHASER,49,7.2,0.4337,0.5295,0.471,0.592
T1085,2.491,T1085TS427_1.pdb,loc0_ALL_bfactor_t70_polyala_UNMOD,70,PHASER,53,7.5,0.4571,0.5033,0.456,0.524
T1085,2.491,T1085TS427_1.pdb,loc0_ALL_bfactor_t65_polyala_UNMOD,65,PHASER,50,8.3,0.4709,0.5274,0.416,0.501
T1085,2.491,T1085TS427_1.pdb,loc0_ALL_bfactor_t80_polyala_UNMOD,80,PHASER,35,7.9,0.4624,0.5108,0.397,0.435
T1085,2.491,T1085TS427_1.pdb,loc0_ALL_bfactor_t41_polyala_UNMOD,41,PHASER,58,8.1,0.4621,0.4897,0.378,0.523
T1085,2.491,T1085TS427_1.pdb,loc0_ALL_bfactor_t46_polyala_UNMOD,46,PHASER,52,8.2,0.4788,0.5099,0.366,0.485
T1085,2.491,T1085TS427_1.pdb,loc0_ALL_bfactor_t51_polyala_UNMOD,51,PHASER,37,7.5,0.4723,0.4846,0.358,0.452
T1085,2.491,T1085TS427_1.pdb,loc0_ALL_bfactor_t56_polyala_UNMOD,56,PHASER,38,6.3,0.4989,0.5165,0.304,0.377
T1085,2.491,T1085TS427_1.pdb,loc0_ALL_bfactor_t36_polyala_UNMOD,36,PHASER,37,6.3,0.509,0.5367,0.298,0.413
T1085,2.491,T1085TS427_1.pdb,loc0_ALL_bfactor_t21_polyala_UNMOD,21,PHASER,35,5.9,0.5125,0.5322,0.265,0.402
T1085,2.491,T1085TS427_1.pdb,loc0_ALL_bfactor_t26_polyala_UNMOD,26,PHASER,33,6.1,0.5116,0.5524,0.238,0.342
T1085,2.491,T1085TS427_1.pdb,loc0_ALL_bfactor_t11_polyala_UNMOD,11,PHASER,25,5,0.5314,0.5405,0.106,0.202
T1085,2.491,T1085TS427_1.pdb,loc0_ALL_bfactor_t16_polyala_UNMOD,16,PHASER,26,5.1,0.5357,0.5795,0.081,0.206
T1085,2.491,T1085TS427_1.pdb,loc0_ALL_bfactor_t1_polyala_UNMOD,1,PHASER,12,4.7,0.5581,0.5461,0.067,0.473
T1085,2.491,T1085TS427_1.pdb,loc0_ALL_bfactor_t31_polyala_UNMOD,31,PHASER,24,5.7,0.5286,0.5651,0.066,0.112
T1085,2.491,T1085TS427_1.pdb,loc0_ALL_bfactor_t6_polyala_UNMOD,6,PHASER,25,5.7,0.5432,0.5122,0.057,0.163
T1085,2.491,T1085TS427_1.pdb,loc0_ALL_bfactor_t95_polyala_UNMOD,95,PHASER,None,None,None,None,None,None
T1085,2.491,T1085TS427_1.pdb,loc0_ALL_bfactor_t100_polyala_UNMOD,100,PHASER,None,None,None,None,None,None
T1085,2.491,T1085TS427_1.pdb,loc0_ALL_bfactor_t90_polyala_UNMOD,90,PHASER,None,None,None,None,None,None
T1086,2.32,T1086TS427_1.pdb,loc0_ALL_bfactor_t100_polyala_UNMOD,100,PHASER,183,14.4,0.3831,0.4055,0.701,0.807
T1086,2.32,T1086TS427_1.pdb,loc0_ALL_bfactor_t95_polyala_UNMOD,95,PHASER,183,15.6,0.3834,0.4071,0.7,0.807
T1086,2.32,T1086TS427_1.pdb,loc0_ALL_bfactor_t90_polyala_UNMOD,90,PHASER,182,16.1,0.3845,0.4088,0.695,0.812
T1086,2.32,T1086TS427_1.pdb,loc0_ALL_bfactor_t85_polyala_UNMOD,85,PHASER,177,15.8,0.3972,0.4201,0.671,0.796
T1086,2.32,T1086TS427_1.pdb,loc0_ALL_bfactor_t80_polyala_UNMOD,80,PHASER,195,12.5,0.3997,0.4199,0.661,0.801
T1086,2.32,T1086TS427_1.pdb,loc0_ALL_bfactor_t75_polyala_UNMOD,75,PHASER,186,15.5,0.4111,0.438,0.631,0.783
T1086,2.32,T1086TS427_1.pdb,loc0_ALL_bfactor_t71_polyala_UNMOD,71,PHASER,201,14.4,0.4247,0.4384,0.606,0.775
T1086,2.32,T1086TS427_1.pdb,loc0_ALL_bfactor_t66_polyala_UNMOD,66,PHASER,172,14.1,0.4358,0.4644,0.59,0.777
T1086,2.32,T1086TS427_1.pdb,loc0_ALL_bfactor_t61_polyala_UNMOD,61,PHASER,189,15.7,0.4411,0.4553,0.57,0.77
T1086,2.32,T1086TS427_1.pdb,loc0_ALL_bfactor_t56_polyala_UNMOD,56,PHASER,186,15.3,0.4524,0.4706,0.536,0.751
T1086,2.32,T1086TS427_1.pdb,loc0_ALL_bfactor_t51_polyala_UNMOD,51,PHASER,159,14.6,0.4652,0.4851,0.509,0.749
T1086,2.32,T1086TS427_1.pdb,loc0_ALL_bfactor_t46_polyala_UNMOD,46,PHASER,169,16.3,0.4713,0.4886,0.496,0.767
T1086,2.32,T1086TS427_1.pdb,loc0_ALL_bfactor_t41_polyala_UNMOD,41,PHASER,165,13.2,0.4763,0.5087,0.477,0.755
T1086,2.32,T1086TS427_1.pdb,loc0_ALL_bfactor_t36_polyala_UNMOD,36,PHASER,143,14,0.485,0.5155,0.442,0.743
T1086,2.32,T1086TS427_1.pdb,loc0_ALL_bfactor_t31_polyala_UNMOD,31,PHASER,193,16.4,0.4998,0.5082,0.416,0.749
T1086,2.32,T1086TS427_1.pdb,loc0_ALL_bfactor_t26_polyala_UNMOD,26,PHASER,178,14.9,0.5109,0.5318,0.379,0.728
T1086,2.32,T1086TS427_1.pdb,loc0_ALL_bfactor_t22_polyala_UNMOD,22,PHASER,117,12.9,0.5161,0.538,0.333,0.681
T1086,2.32,T1086TS427_1.pdb,loc0_ALL_bfactor_t17_polyala_UNMOD,17,PHASER,114,13.1,0.5224,0.5301,0.298,0.677
T1086,2.32,T1086TS427_1.pdb,loc0_ALL_bfactor_t12_polyala_UNMOD,12,PHASER,91,11.8,0.5266,0.5453,0.247,0.635
T1086,2.32,T1086TS427_1.pdb,loc0_ALL_bfactor_t2_polyala_UNMOD,2,PHASER,38,5.5,0.5582,0.5474,0.039,0.227
T1086,2.32,T1086TS427_1.pdb,loc0_ALL_bfactor_t7_polyala_UNMOD,7,PHASER,30,4.7,0.5416,0.5716,0.037,0.124
T1087,1.353,T1087TS427_1.pdb,loc0_ALL_bfactor_t95_polyala_UNMOD,95,PHASER,4598,52.2,0.3936,0.3967,0.688,0.816
T1087,1.353,T1087TS427_1.pdb,loc0_ALL_bfactor_t100_polyala_UNMOD,100,PHASER,4571,49.3,0.3953,0.3979,0.687,0.808
T1087,1.353,T1087TS427_1.pdb,loc0_ALL_bfactor_t89_polyala_UNMOD,89,PHASER,4466,51,0.4011,0.4015,0.674,0.817
T1087,1.353,T1087TS427_1.pdb,loc0_ALL_bfactor_t84_polyala_UNMOD,84,PHASER,4263,50.6,0.4101,0.4072,0.655,0.811
T1087,1.353,T1087TS427_1.pdb,loc0_ALL_bfactor_t78_polyala_UNMOD,78,PHASER,4023,49,0.4224,0.4171,0.635,0.82
T1087,1.353,T1087TS427_1.pdb,loc0_ALL_bfactor_t73_polyala_UNMOD,73,PHASER,3818,44.2,0.4322,0.4248,0.618,0.821
T1087,1.353,T1087TS427_1.pdb,loc0_ALL_bfactor_t68_polyala_UNMOD,68,PHASER,3603,42.8,0.4392,0.4325,0.6,0.819
T1087,1.353,T1087TS427_1.pdb,loc0_ALL_bfactor_t62_polyala_UNMOD,62,PHASER,3466,41.4,0.4453,0.4374,0.581,0.811
T1087,1.353,T1087TS427_1.pdb,loc0_ALL_bfactor_t57_polyala_UNMOD,57,PHASER,3063,41.6,0.456,0.45,0.56,0.81
T1087,1.353,T1087TS427_1.pdb,loc0_ALL_bfactor_t52_polyala_UNMOD,52,PHASER,2826,37.9,0.4637,0.4608,0.535,0.797
T1087,1.353,T1087TS427_1.pdb,loc0_ALL_bfactor_t46_polyala_UNMOD,46,PHASER,2453,36.2,0.4711,0.4747,0.509,0.793
T1087,1.353,T1087TS427_1.pdb,loc0_ALL_bfactor_t41_polyala_UNMOD,41,PHASER,1949,33.7,0.4791,0.4884,0.476,0.769
T1087,1.353,T1087TS427_1.pdb,loc0_ALL_bfactor_t35_polyala_UNMOD,35,PHASER,1696,31.9,0.4867,0.5003,0.448,0.769
T1087,1.353,T1087TS427_1.pdb,loc0_ALL_bfactor_t30_polyala_UNMOD,30,PHASER,1392,29.6,0.4952,0.5046,0.414,0.756
T1087,1.353,T1087TS427_1.pdb,loc0_ALL_bfactor_t25_polyala_UNMOD,25,PHASER,1066,22.7,0.5045,0.5276,0.377,0.737
T1087,1.353,T1087TS427_1.pdb,loc0_ALL_bfactor_t19_polyala_UNMOD,19,PHASER,676,16.1,0.5174,0.524,0.325,0.735
T1087,1.353,T1087TS427_1.pdb,loc0_ALL_bfactor_t14_polyala_UNMOD,14,PHASER,312,10.2,0.5283,0.5296,0.254,0.627
T1087,1.353,T1087TS427_1.pdb,loc0_ALL_bfactor_t3_polyala_UNMOD,3,PHASER,153,7.6,0.5385,0.5276,0.038,0.188
T1087,1.353,T1087TS427_1.pdb,loc0_ALL_bfactor_t9_polyala_UNMOD,9,PHASER,181,8.1,0.5404,0.5467,0.035,0.132
T1089,2.2,T1089TS427_1-D1.pdb,loc0_ALL_bfactor_t100_polyala_UNMOD,100,PHASER,1795,3.5,0.4069,0.4398,0.673,0.778
T1089,2.2,T1089TS427_1-D1.pdb,loc0_ALL_bfactor_t95_polyala_UNMOD,95,PHASER,1780,4.2,0.4073,0.4454,0.67,0.786
T1089,2.2,T1089TS427_1-D1.pdb,loc0_ALL_bfactor_t90_polyala_UNMOD,90,PHASER,1729,3.4,0.414,0.4471,0.653,0.782
T1089,2.2,T1089TS427_1-D1.pdb,loc0_ALL_bfactor_t85_polyala_UNMOD,85,PHASER,1697,5.2,0.42,0.4508,0.621,0.756
T1089,2.2,T1089TS427_1-D1.pdb,loc0_ALL_bfactor_t80_polyala_UNMOD,80,PHASER,1615,4.5,0.4258,0.4543,0.614,0.761
T1089,2.2,T1089TS427_1-D1.pdb,loc0_ALL_bfactor_t75_polyala_UNMOD,75,PHASER,1493,4.7,0.4311,0.4508,0.586,0.747
T1089,2.2,T1089TS427_1-D1.pdb,loc0_ALL_bfactor_t70_polyala_UNMOD,70,PHASER,1457,41.9,0.4329,0.4545,0.575,0.769
T1089,2.2,T1089TS427_1-D1.pdb,loc0_ALL_bfactor_t65_polyala_UNMOD,65,PHASER,1315,4.7,0.4394,0.4629,0.543,0.729
T1089,2.2,T1089TS427_1-D1.pdb,loc0_ALL_bfactor_t60_polyala_UNMOD,60,PHASER,1154,5.1,0.4469,0.4721,0.521,0.728
T1089,2.2,T1089TS427_1-D1.pdb,loc0_ALL_bfactor_t55_polyala_UNMOD,55,PHASER,1038,5,0.4497,0.4843,0.498,0.699
T1089,2.2,T1089TS427_1-D1.pdb,loc0_ALL_bfactor_t50_polyala_UNMOD,50,PHASER,925,6.7,0.456,0.4706,0.469,0.679
T1089,2.2,T1089TS427_1-D1.pdb,loc0_ALL_bfactor_t45_polyala_UNMOD,45,PHASER,812,7,0.461,0.4911,0.437,0.638
T1089,2.2,T1089TS427_1-D1.pdb,loc0_ALL_bfactor_t40_polyala_UNMOD,40,PHASER,698,6.4,0.4658,0.4947,0.408,0.624
T1089,2.2,T1089TS427_1-D1.pdb,loc0_ALL_bfactor_t34_polyala_UNMOD,34,PHASER,579,6.8,0.4691,0.4824,0.384,0.602
T1089,2.2,T1089TS427_1-D1.pdb,loc0_ALL_bfactor_t29_polyala_UNMOD,29,PHASER,488,7.2,0.4749,0.4833,0.357,0.61
T1089,2.2,T1089TS427_1-D1.pdb,loc0_ALL_bfactor_t24_polyala_UNMOD,24,PHASER,375,7.4,0.4871,0.4963,0.319,0.594
T1089,2.2,T1089TS427_1-D1.pdb,loc0_ALL_bfactor_t19_polyala_UNMOD,19,PHASER,288,7.9,0.4867,0.4934,0.279,0.554
T1089,2.2,T1089TS427_1-D1.pdb,loc0_ALL_bfactor_t14_polyala_UNMOD,14,PHASER,206,8.3,0.4942,0.5063,0.223,0.514
T1089,2.2,T1089TS427_1-D1.pdb,loc0_ALL_bfactor_t9_polyala_UNMOD,9,PHASER,128,8,0.5031,0.5059,0.021,0.068
T1089,2.2,T1089TS427_1-D1.pdb,loc0_ALL_bfactor_t4_polyala_UNMOD,4,PHASER,124,8.8,0.4938,0.4853,0.002,0.026
T1090,1.77,T1090TS427_1.pdb,loc0_ALL_bfactor_t90_polyala_UNMOD,90,PHASER,574,23.9,0.4356,0.4257,0.635,0.778
T1090,1.77,T1090TS427_1.pdb,loc0_ALL_bfactor_t95_polyala_UNMOD,95,PHASER,559,21.8,0.4391,0.431,0.629,0.763
T1090,1.77,T1090TS427_1.pdb,loc0_ALL_bfactor_t84_polyala_UNMOD,84,PHASER,553,24.1,0.4431,0.4413,0.617,0.776
T1090,1.77,T1090TS427_1.pdb,loc0_ALL_bfactor_t100_polyala_UNMOD,100,PHASER,556,25,0.4514,0.4409,0.603,0.73
T1090,1.77,T1090TS427_1.pdb,loc0_ALL_bfactor_t79_polyala_UNMOD,79,PHASER,501,25.3,0.4495,0.4506,0.601,0.766
T1090,1.77,T1090TS427_1.pdb,loc0_ALL_bfactor_t74_polyala_UNMOD,74,PHASER,476,26.4,0.463,0.4625,0.579,0.761
T1090,1.77,T1090TS427_1.pdb,loc0_ALL_bfactor_t69_polyala_UNMOD,69,PHASER,449,24.1,0.4684,0.4565,0.566,0.762
T1090,1.77,T1090TS427_1.pdb,loc0_ALL_bfactor_t64_polyala_UNMOD,64,PHASER,416,20.8,0.4805,0.4655,0.543,0.75
T1090,1.77,T1090TS427_1.pdb,loc0_ALL_bfactor_t59_polyala_UNMOD,59,PHASER,431,23.2,0.4815,0.4674,0.529,0.751
T1090,1.77,T1090TS427_1.pdb,loc0_ALL_bfactor_t53_polyala_UNMOD,53,PHASER,424,22.6,0.4876,0.4851,0.512,0.749
T1090,1.77,T1090TS427_1.pdb,loc0_ALL_bfactor_t48_polyala_UNMOD,48,PHASER,394,22.8,0.4967,0.4973,0.483,0.735
T1090,1.77,T1090TS427_1.pdb,loc0_ALL_bfactor_t43_polyala_UNMOD,43,PHASER,357,21.5,0.5037,0.5001,0.463,0.734
T1090,1.77,T1090TS427_1.pdb,loc0_ALL_bfactor_t38_polyala_UNMOD,38,PHASER,347,22.1,0.5102,0.5141,0.441,0.73
T1090,1.77,T1090TS427_1.pdb,loc0_ALL_bfactor_t33_polyala_UNMOD,33,PHASER,293,20.6,0.5181,0.5201,0.415,0.729
T1090,1.77,T1090TS427_1.pdb,loc0_ALL_bfactor_t27_polyala_UNMOD,27,PHASER,200,15.2,0.5293,0.5303,0.378,0.726
T1090,1.77,T1090TS427_1.pdb,loc0_ALL_bfactor_t22_polyala_UNMOD,22,PHASER,168,13.7,0.5431,0.5542,0.335,0.699
T1090,1.77,T1090TS427_1.pdb,loc0_ALL_bfactor_t17_polyala_UNMOD,17,PHASER,118,10.7,0.5542,0.5759,0.285,0.656
T1090,1.77,T1090TS427_1.pdb,loc0_ALL_bfactor_t12_polyala_UNMOD,12,PHASER,77,10,0.5613,0.5708,0.237,0.645
T1090,1.77,T1090TS427_1.pdb,loc0_ALL_bfactor_t7_polyala_UNMOD,7,PHASER,38,5.5,0.5757,0.577,0.027,0.103
T1090,1.77,T1090TS427_1.pdb,loc0_ALL_bfactor_t2_polyala_UNMOD,2,PHASER,29,6.8,0.5751,0.5617,0.003,0.031
T1091,2.196,T1091TS427_1-trimmed.pdb,loc0_ALL_bfactor_t100_polyala_UNMOD,100,PHASER,95,8.5,0.5404,0.54,0.2,0.562
T1091,2.196,T1091TS427_1-trimmed.pdb,loc0_ALL_bfactor_t95_polyala_UNMOD,95,PHASER,172,7.9,0.5219,0.5371,0.194,0.371
T1091,2.196,T1091TS427_1-trimmed.pdb,loc0_ALL_bfactor_t44_polyala_UNMOD,44,PHASER,117,6,0.5368,0.5538,0.128,0.327
T1091,2.196,T1091TS427_1-trimmed.pdb,loc0_ALL_bfactor_t49_polyala_UNMOD,49,PHASER,117,6,0.5368,0.5538,0.128,0.327
T1091,2.196,T1091TS427_1-trimmed.pdb,loc0_ALL_bfactor_t54_polyala_UNMOD,54,PHASER,117,6,0.5368,0.5538,0.128,0.327
T1091,2.196,T1091TS427_1-trimmed.pdb,loc0_ALL_bfactor_t59_polyala_UNMOD,59,PHASER,117,6,0.5368,0.5538,0.128,0.327
T1091,2.196,T1091TS427_1-trimmed.pdb,loc0_ALL_bfactor_t64_polyala_UNMOD,64,PHASER,115,7.3,0.5348,0.546,0.121,0.323
T1091,2.196,T1091TS427_1-trimmed.pdb,loc0_ALL_bfactor_t70_polyala_UNMOD,70,PHASER,114,5.7,0.537,0.5416,0.116,0.31
T1091,2.196,T1091TS427_1-trimmed.pdb,loc0_ALL_bfactor_t75_polyala_UNMOD,75,PHASER,114,5.7,0.537,0.5416,0.116,0.31
T1091,2.196,T1091TS427_1-trimmed.pdb,loc0_ALL_bfactor_t80_polyala_UNMOD,80,PHASER,114,5.7,0.537,0.5416,0.116,0.31
T1091,2.196,T1091TS427_1-trimmed.pdb,loc0_ALL_bfactor_t85_polyala_UNMOD,85,PHASER,114,5.7,0.537,0.5416,0.116,0.31
T1091,2.196,T1091TS427_1-trimmed.pdb,loc0_ALL_bfactor_t39_polyala_UNMOD,39,PHASER,155,6.1,0.5362,0.5524,0.106,0.252
T1091,2.196,T1091TS427_1-trimmed.pdb,loc0_ALL_bfactor_t90_polyala_UNMOD,90,PHASER,113,5.9,0.5362,0.5483,0.099,0.218
T1091,2.196,T1091TS427_1-trimmed.pdb,loc0_ALL_bfactor_t19_polyala_UNMOD,19,PHASER,117,6.9,0.5408,0.5441,0.077,0.212
T1091,2.196,T1091TS427_1-trimmed.pdb,loc0_ALL_bfactor_t24_polyala_UNMOD,24,PHASER,117,6.9,0.5408,0.5441,0.077,0.212
T1091,2.196,T1091TS427_1-trimmed.pdb,loc0_ALL_bfactor_t29_polyala_UNMOD,29,PHASER,117,6.9,0.5408,0.5441,0.077,0.212
T1091,2.196,T1091TS427_1-trimmed.pdb,loc0_ALL_bfactor_t34_polyala_UNMOD,34,PHASER,90,6.5,0.5463,0.5402,0.064,0.199
T1091,2.196,T1091TS427_1-trimmed.pdb,loc0_ALL_bfactor_t14_polyala_UNMOD,14,PHASER,67,6.7,0.5426,0.5401,0.054,0.172
T1091,2.196,T1091TS427_1-trimmed.pdb,loc0_ALL_bfactor_t9_polyala_UNMOD,9,PHASER,108,7.5,0.5449,0.5306,0.025,0.099
T1091,2.196,T1091TS427_1-trimmed.pdb,loc0_ALL_bfactor_t3_polyala_UNMOD,3,PHASER,113,8.8,0.5521,0.5358,0.02,0.11
T1100,3.141,T1100TS427_1.pdb,loc0_ALL_bfactor_t20_polyala_UNMOD,20,PHASER,381,15.3,0.5254,0.5491,0.298,0.662
T1100,3.141,T1100TS427_1.pdb,loc0_ALL_bfactor_t25_polyala_UNMOD,25,PHASER,615,8.2,0.5031,0.5434,0.284,0.542
T1100,3.141,T1100TS427_1.pdb,loc0_ALL_bfactor_t95_polyala_UNMOD,95,PHASER,403,8.7,0.5017,0.5419,0.245,0.416
T1100,3.141,T1100TS427_1.pdb,loc0_ALL_bfactor_t100_polyala_UNMOD,100,PHASER,395,8.6,0.5014,0.5435,0.243,0.41
T1100,3.141,T1100TS427_1.pdb,loc0_ALL_bfactor_t85_polyala_UNMOD,85,PHASER,417,9.1,0.505,0.5488,0.242,0.434
T1100,3.141,T1100TS427_1.pdb,loc0_ALL_bfactor_t90_polyala_UNMOD,90,PHASER,412,6.8,0.5013,0.5479,0.238,0.418
T1100,3.141,T1100TS427_1.pdb,loc0_ALL_bfactor_t30_polyala_UNMOD,30,PHASER,219,6.4,0.5398,0.5559,0.237,0.66
T1100,3.141,T1100TS427_1.pdb,loc0_ALL_bfactor_t45_polyala_UNMOD,45,PHASER,285,6.2,0.5297,0.5646,0.233,0.573
T1100,3.141,T1100TS427_1.pdb,loc0_ALL_bfactor_t50_polyala_UNMOD,50,PHASER,279,7.5,0.5246,0.5594,0.233,0.554
T1100,3.141,T1100TS427_1.pdb,loc0_ALL_bfactor_t75_polyala_UNMOD,75,PHASER,338,6.5,0.5115,0.5581,0.232,0.447
T1100,3.141,T1100TS427_1.pdb,loc0_ALL_bfactor_t65_polyala_UNMOD,65,PHASER,311,6.5,0.5185,0.5771,0.227,0.487
T1100,3.141,T1100TS427_1.pdb,loc0_ALL_bfactor_t80_polyala_UNMOD,80,PHASER,370,8.6,0.5108,0.5444,0.225,0.41
T1100,3.141,T1100TS427_1.pdb,loc0_ALL_bfactor_t70_polyala_UNMOD,70,PHASER,316,5.6,0.5159,0.5622,0.223,0.473
T1100,3.141,T1100TS427_1.pdb,loc0_ALL_bfactor_t55_polyala_UNMOD,55,PHASER,299,5.5,0.5248,0.5583,0.218,0.52
T1100,3.141,T1100TS427_1.pdb,loc0_ALL_bfactor_t35_polyala_UNMOD,35,PHASER,245,4.9,0.5349,0.5644,0.217,0.582
T1100,3.141,T1100TS427_1.pdb,loc0_ALL_bfactor_t40_polyala_UNMOD,40,PHASER,266,6.3,0.5331,0.5564,0.21,0.557
T1100,3.141,T1100TS427_1.pdb,loc0_ALL_bfactor_t60_polyala_UNMOD,60,PHASER,324,6.2,0.5226,0.5759,0.21,0.462
T1100,3.141,T1100TS427_1.pdb,loc0_ALL_bfactor_t9_polyala_UNMOD,9,PHASER,173,5.3,0.5683,0.5708,0.017,0.125
T1100,3.141,T1100TS427_1.pdb,loc0_ALL_bfactor_t14_polyala_UNMOD,14,PHASER,152,5.6,0.5411,0.5503,0.016,0.099
T1100,3.141,T1100TS427_1.pdb,loc0_ALL_bfactor_t4_polyala_UNMOD,4,PHASER,57,8,0.5747,0.5811,0.013,0.088
T1101,1.401,T1101TS427_1.pdb,loc0_ALL_bfactor_t90_polyala_UNMOD,90,PHASER,541,22.3,0.4353,0.4322,0.597,0.709
T1101,1.401,T1101TS427_1.pdb,loc0_ALL_bfactor_t85_polyala_UNMOD,85,PHASER,564,22.5,0.4344,0.4306,0.596,0.714
T1101,1.401,T1101TS427_1.pdb,loc0_ALL_bfactor_t95_polyala_UNMOD,95,PHASER,518,21,0.4375,0.4318,0.592,0.7
T1101,1.401,T1101TS427_1.pdb,loc0_ALL_bfactor_t100_polyala_UNMOD,100,PHASER,514,21.4,0.4379,0.4318,0.59,0.696
T1101,1.401,T1101TS427_1.pdb,loc0_ALL_bfactor_t80_polyala_UNMOD,80,PHASER,576,21.8,0.4366,0.4319,0.589,0.715
T1101,1.401,T1101TS427_1.pdb,loc0_ALL_bfactor_t75_polyala_UNMOD,75,PHASER,580,21.6,0.4412,0.4326,0.58,0.716
T1101,1.401,T1101TS427_1.pdb,loc0_ALL_bfactor_t70_polyala_UNMOD,70,PHASER,579,23.1,0.4481,0.4275,0.567,0.718
T1101,1.401,T1101TS427_1.pdb,loc0_ALL_bfactor_t65_polyala_UNMOD,65,PHASER,562,22.6,0.4589,0.4452,0.543,0.703
T1101,1.401,T1101TS427_1.pdb,loc0_ALL_bfactor_t60_polyala_UNMOD,60,PHASER,623,23.4,0.4603,0.4427,0.533,0.704
T1101,1.401,T1101TS427_1.pdb,loc0_ALL_bfactor_t55_polyala_UNMOD,55,PHASER,588,21.3,0.4683,0.4642,0.511,0.699
T1101,1.401,T1101TS427_1.pdb,loc0_ALL_bfactor_t50_polyala_UNMOD,50,PHASER,527,21.4,0.4738,0.4735,0.493,0.695
T1101,1.401,T1101TS427_1.pdb,loc0_ALL_bfactor_t45_polyala_UNMOD,45,PHASER,511,15.8,0.4821,0.4866,0.466,0.685
T1101,1.401,T1101TS427_1.pdb,loc0_ALL_bfactor_t40_polyala_UNMOD,40,PHASER,586,15.6,0.4821,0.4869,0.46,0.698
T1101,1.401,T1101TS427_1.pdb,loc0_ALL_bfactor_t35_polyala_UNMOD,35,PHASER,549,22.9,0.491,0.482,0.439,0.702
T1101,1.401,T1101TS427_1.pdb,loc0_ALL_bfactor_t30_polyala_UNMOD,30,PHASER,519,17.6,0.5009,0.4956,0.405,0.689
T1101,1.401,T1101TS427_1.pdb,loc0_ALL_bfactor_t25_polyala_UNMOD,25,PHASER,361,18.8,0.5089,0.4982,0.36,0.669
T1101,1.401,T1101TS427_1.pdb,loc0_ALL_bfactor_t19_polyala_UNMOD,19,PHASER,364,16.7,0.5159,0.5091,0.344,0.693
T1101,1.401,T1101TS427_1.pdb,loc0_ALL_bfactor_t14_polyala_UNMOD,14,PHASER,261,14.9,0.5282,0.53,0.295,0.677
T1101,1.401,T1101TS427_1.pdb,loc0_ALL_bfactor_t9_polyala_UNMOD,9,PHASER,151,11.9,0.5395,0.5303,0.236,0.653
T1101,1.401,T1101TS427_1.pdb,loc0_ALL_bfactor_t4_polyala_UNMOD,4,PHASER,37,5.9,0.5448,0.5729,0.019,0.12